"ChannelPartnerID","email","sms","call","response","n_comp","loyalty","portal","rewards","nps","n_yrs","Region","AnnualSales2018","AnnualSales2019","B1Sales2018","B1Sales2019","BE2018","BE2019","BuyFreq2018","BuyFreq2019","ae"
10048,1,0,0,1,2,0,0,0,5,5,"South",5724,85776,0,40000,1,2,1,2,0
10073,1,0,1,1,5,0,0,0,3,7,"North",102565,57648,0,28500,4,2,3,2,0
10258,1,0,0,0,0,0,0,0,7,9,"East",92744,11522,0,2000,2,2,4,6,1
10416,1,0,1,0,1,1,0,1,1,5,"South",69847,63422,37688,0,4,2,7,2,0
10444,0,0,1,0,1,0,0,0,3,5,"South",93525,20000,0,6195,3,5,4,6,1
10454,0,1,0,0,0,0,1,0,7,3,"South",171420,104355,25273,0,4,4,5,4,0
10512,0,1,0,0,2,0,1,0,6,7,"West",46478,96740,0,22911,3,4,3,5,1
10618,1,0,1,0,5,0,0,0,2,8,"North",179023,22000,71061,22000,2,1,2,1,1
10653,1,0,1,1,1,0,0,0,1,8,"East",6202,75000,6202,40000,1,2,1,2,1
10819,1,1,1,1,1,1,1,1,6,5,"North",42285,55000,24752,22000,2,2,2,1,1
10831,2,1,3,1,1,1,1,0,4,3,"West",35577,45000,0,0,2,1,2,1,0
10836,1,1,1,1,0,1,1,1,4,7,"South",83446,33117,0,0,1,3,2,2,1
10869,3,2,1,1,1,1,0,0,3,9,"West",57897,82381,0,14337,2,4,2,4,1
10984,0,1,0,0,0,0,1,0,3,3,"West",59005,55657,0,0,4,3,5,3,0
10991,2,1,2,1,4,1,1,0,3,5,"North",36179,25557,0,13634,2,2,2,2,0
10997,1,0,1,0,1,1,0,1,6,4,"North",128259,0,35719,0,3,0,3,0,0
11019,1,0,1,0,4,0,0,0,5,8,"West",101316,116102,28553,0,3,2,3,2,1
11100,0,1,0,0,3,0,1,0,3,2,"North",73904,42607,0,29162,2,3,2,3,1
11111,1,0,0,0,4,0,0,0,6,3,"South",19317,24173,19317,0,1,1,2,1,0
11122,0,1,0,0,5,0,1,0,2,3,"North",24661,70936,0,0,2,1,2,2,0
11172,1,1,1,0,0,1,1,1,8,6,"North",91380,0,61796,0,4,0,5,0,0
11207,1,1,1,0,0,0,1,0,2,2,"South",34399,65897,29714,5419,2,5,2,5,1
11215,1,1,2,1,3,0,1,0,9,7,"North",9521,120583,0,61500,2,4,2,6,1
11297,1,1,1,0,0,0,1,0,1,8,"West",61359,79029,0,29742,3,3,3,5,1
11354,1,1,1,1,0,0,1,0,10,3,"South",122913,40000,0,22000,3,2,4,2,0
11357,2,1,3,1,3,0,1,0,6,4,"West",5119,19931,0,0,1,1,1,1,0
11471,0,1,0,0,0,0,1,0,6,4,"East",36073,70000,0,10000,2,3,2,5,1
11656,1,0,1,1,4,1,0,1,10,6,"North",0,33272,0,3325,0,2,0,2,0
11703,1,1,1,0,1,1,1,1,6,8,"East",45087,70837,0,38918,1,4,1,4,0
11752,0,1,0,0,0,0,1,0,3,4,"East",125401,19951,0,0,3,1,4,1,1
11806,1,0,1,0,2,1,0,1,7,6,"East",55739,45436,0,812,3,3,5,3,0
12016,1,1,1,0,1,1,1,1,2,7,"East",40023,5705,0,0,2,1,2,1,1
12027,1,1,1,0,1,1,1,1,3,5,"North",80276,19000,40217,1000,2,3,2,5,1
12152,1,0,1,0,4,1,0,1,7,9,"West",8819,23369,385,0,2,2,1,2,1
12223,1,1,1,1,3,1,1,1,1,2,"East",29162,46000,0,20000,1,2,1,2,1
12382,1,1,1,0,4,1,1,1,8,5,"South",80234,23369,28974,23369,2,1,2,1,0
12384,1,1,1,0,1,1,1,1,1,3,"East",3748,50107,0,0,1,2,1,2,0
12398,1,0,1,0,1,1,0,1,5,2,"West",56253,39889,11270,39889,3,1,3,1,1
12411,1,2,1,0,5,1,1,1,6,3,"South",24132,1917,0,0,2,1,2,1,1
12509,1,1,0,1,5,0,1,0,0,6,"West",72932,37073,0,0,2,1,4,1,0
12585,1,1,1,0,3,1,1,1,1,8,"South",65761,59859,48289,57047,3,2,4,2,0
12594,0,1,0,1,4,0,0,0,3,3,"North",26540,54682,0,0,2,2,2,2,0
12722,0,1,0,0,2,1,1,0,2,3,"North",14124,149309,12452,34201,2,3,1,5,1
12768,1,0,1,1,3,0,0,0,8,3,"West",85473,130703,45599,4207,4,4,6,4,0
12776,1,1,1,0,4,1,1,1,4,6,"North",71664,45698,0,0,2,2,2,3,1
12883,0,1,0,1,1,1,0,0,4,4,"North",10971,67199,10971,15281,1,3,1,3,1
12981,1,1,0,1,3,0,1,0,10,4,"West",0,75589,0,9590,0,3,0,3,1
13087,0,1,0,0,3,0,0,0,4,4,"West",62204,9100,55537,574,2,4,2,4,1
13090,1,0,1,1,3,0,0,0,9,2,"South",65929,84731,65929,5985,1,3,3,4,1
13142,0,1,0,0,2,0,0,0,5,5,"West",75434,119658,57661,59027,2,2,3,2,0
13218,0,1,0,1,1,1,1,0,7,4,"South",55597,35000,0,15000,2,4,2,4,1
13262,1,1,1,0,5,1,1,1,0,4,"West",35112,14000,0,7768,1,3,1,2,0
13267,0,1,0,0,4,0,0,0,5,8,"South",63726,30000,8507,19464,3,2,4,2,1
13401,1,0,1,1,2,1,0,1,7,5,"West",39548,33017,0,20839,1,3,1,3,1
13436,1,1,1,0,3,1,1,1,2,3,"East",0,15150,0,0,0,3,0,2,0
13461,1,0,1,0,5,1,0,1,5,4,"East",51387,14656,14462,0,2,1,2,2,0
13469,0,1,0,1,2,0,1,0,0,8,"South",25746,137659,25746,39992,1,4,1,6,1
13507,0,2,0,0,3,0,0,0,1,4,"South",63009,56403,0,44643,2,3,2,3,0
13575,0,2,0,1,2,1,0,0,8,7,"East",103168,33000,0,16000,2,2,4,2,0
13670,2,0,0,0,3,0,0,0,4,4,"South",81069,45142,0,0,3,2,5,2,0
13673,1,1,3,1,4,0,1,0,6,9,"West",105453,76957,8457,0,2,3,3,5,0
13763,0,1,0,1,1,0,0,0,6,6,"East",40218,125846,24713,0,2,3,3,3,1
13793,0,1,0,0,2,1,0,0,8,3,"West",60433,27655,0,0,3,2,5,2,1
13826,1,0,1,0,5,1,0,1,2,5,"East",1817,45896,0,0,1,1,1,2,0
13834,1,0,1,1,2,0,0,0,8,5,"West",4822,10532,0,4285,1,2,1,2,1
13918,0,1,0,0,2,0,1,0,2,5,"West",40795,0,0,0,2,0,3,0,0
14036,0,1,0,0,4,0,1,0,0,3,"North",12603,53343,0,17760,2,2,2,3,1
14142,0,1,0,0,2,0,0,0,3,3,"South",0,153379,0,0,0,3,0,5,1
14147,1,0,1,0,5,1,0,1,1,6,"North",12585,53442,631,0,3,3,3,3,1
14156,1,1,1,1,1,0,1,0,3,2,"North",165333,146137,35257,0,5,2,6,4,0
14259,0,1,0,0,4,1,1,0,4,4,"West",7173,0,0,0,2,0,2,0,0
14452,1,0,1,0,2,1,0,1,4,6,"East",35231,33649,0,11556,2,2,2,2,1
14463,1,1,1,1,1,1,1,1,9,6,"North",67305,25045,0,0,2,2,2,2,1
14512,1,0,1,0,2,1,0,1,2,4,"North",53973,37553,0,0,2,2,3,3,1
14526,0,1,0,0,3,0,1,0,3,3,"North",64756,107512,21333,0,5,2,5,3,1
14562,3,3,1,1,0,1,0,0,7,5,"East",68569,11567,27410,0,4,3,5,3,1
14799,0,2,0,0,4,0,0,0,3,5,"South",99661,21101,0,0,3,1,2,1,0
14810,0,2,0,0,1,0,0,0,8,7,"North",63884,47674,0,0,1,1,2,3,1
14856,1,1,1,0,2,1,1,1,6,5,"North",78000,14964,59382,0,2,1,3,1,1
14891,1,0,1,1,2,0,0,0,8,4,"West",102638,17148,0,0,2,1,3,1,0
14919,2,1,0,1,2,0,1,0,1,3,"East",48176,135433,18492,47343,3,4,3,5,1
14970,0,2,0,0,3,0,0,0,2,6,"North",119242,24182,57762,8737,4,2,3,2,0
14998,1,0,0,0,1,0,0,0,3,2,"North",84575,60182,31161,0,2,3,2,3,0
15009,1,1,1,0,1,1,1,1,6,7,"West",53016,11336,0,0,2,2,3,4,0
15020,1,0,1,1,4,1,0,1,7,4,"East",48217,23081,0,23081,2,1,2,2,0
15033,1,0,1,0,4,1,0,1,3,3,"East",125750,16230,0,5000,2,4,2,5,1
15136,0,1,0,0,5,1,0,0,6,8,"West",20185,55113,0,0,1,1,1,2,1
15273,1,1,1,1,2,1,1,1,5,7,"East",212686,16943,0,977,4,3,6,3,0
15366,1,1,1,0,2,1,1,1,7,6,"West",118283,3000,0,3000,2,1,4,1,0
15518,0,1,0,0,4,0,1,0,2,3,"South",136022,55239,5395,0,5,2,6,1,0
15583,3,0,2,1,0,1,0,0,9,6,"West",184197,106516,12798,49523,4,3,4,2,1
15679,1,0,1,1,3,1,0,1,9,9,"East",63160,68923,17523,0,3,3,3,3,0
15704,0,1,0,0,1,0,1,0,1,6,"South",48976,30000,0,0,3,2,3,2,1
15715,0,1,0,0,0,1,1,0,5,3,"South",166931,0,0,0,3,0,5,0,0
15723,1,1,1,1,5,0,1,0,3,7,"East",15384,25673,6700,15005,2,2,2,2,1
15739,1,0,1,1,1,0,0,0,5,4,"East",124153,32852,25417,0,3,1,4,1,0
15750,1,1,1,1,2,1,1,1,1,6,"South",77036,31852,20518,12000,4,4,5,4,1
15766,2,0,0,0,3,0,0,0,6,6,"South",13895,0,0,0,1,0,1,0,0
15861,1,1,1,0,0,1,1,1,4,8,"South",61356,101236,2736,40548,3,4,4,4,1
15936,1,1,1,1,0,1,1,1,7,8,"North",48268,79723,0,12904,1,3,2,3,1
16083,0,1,0,0,5,0,0,0,0,8,"West",41333,0,4826,0,2,0,2,0,0
16094,1,1,0,0,3,0,1,0,6,8,"North",22683,0,3478,0,2,0,2,0,0
16221,1,1,1,0,1,1,1,1,5,7,"East",96539,55448,3586,8212,3,5,4,3,1
16444,1,0,0,1,5,0,0,0,5,8,"North",61668,74151,0,0,2,3,2,3,1
16453,0,1,0,0,1,0,1,0,7,8,"South",62012,35005,0,0,1,2,2,2,1
16458,1,1,1,0,0,1,1,1,0,3,"East",152104,34873,113379,12414,2,2,2,2,1
16462,1,0,1,0,3,1,0,1,1,8,"West",23731,48208,0,0,1,2,2,2,0
16467,0,0,2,0,1,0,0,0,4,9,"East",89010,124818,41587,42941,3,3,6,5,1
16567,1,1,1,0,2,1,1,1,2,2,"North",35541,52500,34746,0,2,2,2,1,1
16628,0,1,0,0,0,0,0,0,3,5,"East",55707,137240,0,0,1,3,2,5,1
16657,2,2,2,1,4,1,1,1,9,6,"East",71361,28000,0,13000,3,2,4,1,0
16660,1,0,1,0,4,1,0,1,0,7,"West",74088,35371,0,12649,2,2,2,3,0
16666,1,0,1,1,5,0,0,0,8,8,"East",140154,100019,0,50392,3,3,3,5,1
16785,0,1,0,0,4,0,1,0,6,3,"South",64157,12504,0,0,2,2,4,2,0
16786,1,1,1,0,1,1,1,1,0,9,"East",43472,47163,24788,0,3,2,2,2,1
16788,1,1,1,0,5,1,1,1,4,3,"West",117066,69724,23900,0,3,2,3,4,1
16804,1,1,1,0,3,1,1,1,6,6,"East",38916,12769,0,0,3,3,4,4,1
16913,1,0,1,0,4,1,0,1,2,9,"North",70989,73374,0,0,2,3,2,4,1
16960,1,0,1,1,4,1,0,1,3,8,"West",41581,41523,0,25000,2,2,3,2,0
16984,0,1,0,1,0,1,1,0,7,6,"West",0,89214,0,0,0,2,0,4,1
17135,1,1,1,0,5,1,1,1,3,2,"South",167541,7522,0,0,4,1,4,1,0
17162,1,0,0,1,0,0,0,0,0,9,"South",22462,67239,22462,0,1,1,2,2,1
17189,1,1,1,0,0,1,1,1,3,8,"West",53314,33624,0,0,1,1,1,1,0
17202,1,2,0,1,2,0,0,0,8,4,"West",104282,128878,0,27031,2,3,3,4,1
17336,0,1,0,0,2,0,0,0,1,7,"East",0,45938,0,0,0,1,0,1,1
17349,0,1,0,0,5,0,1,0,6,2,"North",42502,0,0,0,2,0,2,0,0
17445,1,1,1,1,0,1,1,1,4,6,"North",15876,32753,0,29110,2,2,2,3,1
17461,0,1,0,1,4,1,1,0,9,3,"West",80111,155799,0,60445,3,3,4,8,1
17470,0,0,2,1,0,0,0,0,8,7,"East",31519,0,30661,0,2,0,2,0,0
17481,1,1,1,1,0,1,1,1,5,6,"South",5876,39134,0,0,1,1,1,2,0
17494,1,0,0,1,5,0,0,0,4,3,"West",0,57625,0,53142,0,2,0,2,1
17508,1,0,0,1,4,0,0,0,0,6,"South",20978,47500,9775,31000,2,3,2,3,1
17549,1,0,1,0,2,1,0,1,4,4,"South",92553,76597,20361,0,5,3,5,4,0
17619,0,2,0,0,4,0,0,0,7,7,"North",8618,99463,0,48485,1,2,1,3,0
17805,1,0,1,0,3,1,0,1,3,3,"West",59541,40962,0,0,4,3,4,3,0
17827,1,0,1,1,0,0,0,0,4,3,"East",26775,67814,0,5210,2,3,3,3,0
18042,1,0,1,1,4,0,0,0,0,8,"South",124878,87253,43490,33550,4,3,5,2,0
18164,1,0,0,0,1,0,0,0,0,8,"East",32292,85884,0,6335,3,4,2,3,1
18208,1,0,0,0,3,0,0,0,1,3,"North",141422,43097,10345,16000,5,4,7,6,0
18211,2,1,0,1,2,0,1,0,9,6,"North",287,43949,0,0,1,3,1,3,0
18216,0,1,0,1,1,1,0,0,4,8,"South",68156,8642,0,4500,1,3,2,3,1
18263,1,1,1,1,2,1,1,0,7,8,"South",44954,112977,44954,32800,1,3,1,4,1
18350,1,0,1,0,5,1,0,1,2,7,"East",34357,44937,0,8113,2,2,4,1,0
18358,0,1,0,1,2,0,1,0,6,5,"East",69076,62021,0,11503,2,4,3,3,1
18397,0,1,0,0,2,0,1,0,1,4,"West",143362,3070,0,0,3,1,4,1,0
18432,2,2,2,1,3,1,0,1,1,6,"North",64073,158796,0,80000,2,3,2,4,1
18511,0,1,0,0,1,0,0,0,2,2,"North",39301,65032,0,22000,3,2,3,3,1
18524,0,1,0,0,1,0,1,0,1,3,"West",139466,36396,52250,36396,4,1,6,2,1
18533,0,1,0,1,1,0,1,0,2,8,"North",6244,56004,0,0,1,2,1,2,0
18543,0,1,0,0,1,0,1,0,5,2,"East",6964,57286,0,8258,1,2,1,3,0
18581,1,1,1,1,3,1,1,1,6,7,"North",20314,103921,14144,48821,2,4,2,4,1
18652,0,1,0,1,4,0,1,0,5,4,"East",9612,52439,0,0,2,1,2,1,1
18660,1,1,1,1,4,0,1,0,8,7,"East",172056,60854,0,421,4,2,5,3,1
18685,0,1,0,0,2,0,1,0,3,7,"East",0,25263,0,0,0,1,0,1,0
18728,1,0,1,1,2,0,0,0,2,8,"East",52828,27130,0,27130,2,1,2,2,1
18736,1,0,1,1,4,1,0,1,1,6,"South",36450,74020,11723,17760,3,3,3,3,1
18778,1,1,1,0,4,1,1,1,1,5,"South",52245,57024,0,0,2,2,2,2,1
18846,1,1,1,1,4,1,1,1,4,4,"South",34375,86867,0,79400,4,2,3,4,1
18854,1,1,1,0,1,1,1,1,5,8,"East",1843,76876,0,43305,1,2,1,2,0
18881,0,1,0,1,2,0,1,0,6,5,"East",73094,50321,44345,30451,2,3,2,3,0
18938,1,1,1,1,3,0,1,0,8,8,"North",50428,98532,0,40000,3,2,3,3,0
19064,0,1,0,1,1,0,1,0,7,2,"North",64851,65068,15677,0,3,3,3,3,0
19203,1,0,1,1,4,1,0,1,8,9,"South",26644,40348,18408,0,2,3,2,5,1
19246,0,1,0,0,4,0,1,0,7,8,"North",13947,0,0,0,3,0,2,0,0
19252,0,1,0,0,4,0,1,0,3,5,"East",22345,22933,0,0,1,1,3,1,0
19260,1,1,1,1,4,1,1,1,3,7,"North",149803,37863,18462,15000,4,3,3,2,1
19263,1,1,1,0,2,1,1,1,4,4,"North",118130,90488,746,0,4,3,5,3,1
19273,1,0,0,0,3,0,0,0,0,8,"North",94948,72455,0,3618,4,3,3,3,0
19435,1,1,1,0,4,1,1,1,0,7,"East",96149,1432,0,0,3,1,2,1,1
19456,0,1,0,0,2,0,1,0,8,8,"West",61215,49036,0,14104,2,4,3,4,1
19598,2,0,0,0,1,0,0,0,8,4,"South",18381,12503,0,0,1,1,1,1,0
19603,0,1,0,1,2,0,1,0,0,5,"West",30080,43974,0,0,2,2,2,2,1
19748,1,0,1,0,4,1,0,1,7,3,"South",48192,6728,6299,6728,3,1,3,1,1
19759,0,0,2,1,4,0,0,0,9,2,"West",5099,8434,0,0,1,2,1,2,0
19795,1,0,1,1,2,1,0,1,4,4,"West",128591,65930,0,31823,2,2,4,3,0
19832,1,1,1,1,5,0,0,0,6,3,"West",67157,67558,8472,33009,4,3,2,4,1
19969,1,1,1,1,0,1,1,1,1,7,"East",83706,54894,46247,14122,3,3,4,3,0
19974,0,1,0,1,4,0,1,0,5,2,"South",83423,62502,65035,0,2,2,3,2,0
20148,0,1,0,0,3,0,0,0,2,4,"West",71061,124629,5004,84735,3,2,3,3,1
20189,2,1,1,0,2,1,1,1,5,8,"South",82867,91695,14624,0,3,3,4,4,1
20266,0,1,0,0,3,0,0,0,4,3,"West",105703,50825,42914,0,3,3,3,4,0
20268,0,1,0,1,2,1,0,0,2,9,"North",43361,51098,4506,0,3,1,2,1,1
20298,1,0,1,0,2,1,0,1,1,6,"South",0,36127,0,0,0,1,0,1,0
20323,0,1,0,0,4,0,1,0,5,8,"South",27198,25705,0,0,1,2,2,2,1
20331,1,0,1,0,3,1,0,1,8,8,"North",132070,40134,0,0,3,1,4,1,1
20350,1,0,1,1,2,1,0,1,7,4,"North",57174,13474,26248,0,2,1,2,1,1
20440,1,0,1,0,4,1,0,1,5,3,"North",81068,1200,40559,0,4,2,4,3,0
20454,1,0,0,0,0,0,0,0,0,9,"West",37781,97480,0,0,2,3,2,3,1
20473,0,1,0,1,2,1,1,0,4,6,"North",58000,126837,0,0,1,4,2,5,1
20513,2,0,0,0,3,0,0,0,6,5,"North",104313,63633,0,63633,3,1,2,1,1
20612,0,2,0,0,4,0,0,0,7,4,"West",21035,106168,8998,55063,2,3,3,5,1
20658,1,1,0,1,0,1,1,0,5,2,"East",35500,59304,8261,0,2,1,1,2,1
20660,1,0,1,1,2,0,0,0,5,3,"West",18181,142020,2949,12106,2,4,2,6,1
20666,1,0,1,0,4,1,0,1,8,3,"East",67119,88471,0,40968,3,4,4,3,1
20740,1,0,1,1,1,1,0,1,0,8,"South",82191,39218,0,10713,2,2,2,2,0
20819,0,1,0,1,3,0,0,0,6,7,"East",82399,31663,0,0,1,1,3,1,0
20830,0,1,0,0,3,0,0,0,1,2,"North",100510,15025,0,0,3,2,3,2,0
21031,1,1,1,0,2,1,1,1,3,5,"West",4403,5505,0,0,1,1,1,2,1
21157,1,1,1,0,2,1,1,1,2,3,"East",72605,44530,0,3332,4,3,5,3,0
21214,1,1,1,0,2,1,1,1,3,5,"North",83923,32567,0,0,2,1,2,1,0
21307,1,1,1,0,4,1,1,1,4,9,"North",0,0,0,0,0,0,0,0,0
21318,1,0,1,0,2,1,0,1,0,7,"North",40591,35841,4352,21424,2,2,3,2,0
21418,2,1,1,1,0,0,1,0,3,4,"North",80977,49832,0,25500,3,3,3,3,1
21525,0,1,0,1,4,0,0,0,3,4,"South",34107,75132,5643,64518,3,2,2,3,1
21838,0,1,0,1,4,1,1,0,6,2,"West",48832,134901,18191,93261,3,3,3,5,1
21895,0,1,0,0,4,0,1,0,2,2,"East",127843,5151,14407,0,3,1,4,1,0
22010,0,1,0,0,0,0,1,0,2,7,"North",28380,0,0,0,1,0,1,0,0
22056,1,0,1,1,2,1,0,1,9,8,"North",6209,0,6209,0,1,0,1,0,0
22100,2,0,2,1,2,1,0,1,5,2,"North",99746,92635,0,16118,3,3,5,4,1
22231,1,1,1,1,1,0,1,0,9,8,"North",87165,41763,0,18500,2,2,3,2,0
22271,1,1,1,1,1,1,1,0,10,9,"North",70036,145313,0,84322,1,2,2,4,1
22356,1,1,1,0,3,1,1,1,0,9,"North",0,15801,0,0,0,2,0,2,1
22426,1,0,1,0,2,1,0,1,2,8,"East",61461,25683,0,0,2,1,2,1,0
22577,1,0,1,0,4,1,0,1,1,9,"East",51185,19582,4826,0,3,2,3,2,0
22580,0,1,0,0,1,0,1,0,2,9,"East",25909,60910,0,29744,2,3,2,3,0
22604,1,1,1,0,2,1,1,1,5,3,"East",63681,14614,0,0,3,1,4,1,1
22639,1,1,1,0,0,1,1,1,6,3,"North",0,31651,0,0,0,1,0,1,0
22790,0,1,0,0,1,0,0,0,8,8,"North",98124,0,27333,0,3,0,3,0,0
22915,0,1,0,0,3,0,0,0,2,4,"East",0,40676,0,25152,0,2,0,2,1
23108,0,1,0,1,2,1,1,0,2,8,"East",107087,50383,23604,0,4,3,3,3,1
23121,0,1,0,1,2,0,1,0,8,7,"North",38997,19965,19968,14804,2,2,2,2,1
23146,0,1,1,0,4,0,0,0,2,9,"East",4458,20052,0,0,2,1,2,1,0
23247,1,0,1,0,3,1,0,1,1,6,"South",71071,31733,52861,22593,2,2,3,2,0
23288,1,0,1,0,2,1,0,1,6,2,"North",23290,95587,0,38181,1,2,1,2,0
23293,0,1,0,0,5,0,0,0,5,3,"East",0,52028,0,0,0,3,0,6,1
23305,1,0,1,0,4,1,0,1,6,2,"South",28142,61465,0,26921,1,2,2,2,1
23446,0,1,0,1,4,0,0,0,6,9,"West",5165,60040,0,60040,1,1,1,3,0
23471,0,1,0,0,1,0,1,0,4,8,"East",3354,0,0,0,1,0,1,0,0
23484,0,1,0,0,3,0,1,0,7,4,"East",44816,31729,4222,11793,3,3,3,4,1
23574,1,0,1,0,2,1,0,1,0,4,"West",13155,0,0,0,1,0,1,0,0
23607,0,1,0,0,4,0,0,0,3,8,"North",72845,55695,41246,0,3,1,4,1,0
23846,1,0,1,1,3,1,0,1,7,5,"East",95660,80919,73956,0,3,2,4,2,1
23868,2,0,0,0,3,0,0,0,5,3,"West",113900,81363,0,71497,3,2,5,4,0
23942,1,0,0,0,5,0,0,0,7,5,"West",124509,34988,1484,0,3,1,3,1,1
24021,1,0,1,0,1,1,0,1,8,3,"North",41795,43220,0,11221,1,2,2,1,1
24048,1,1,2,1,4,1,1,0,3,8,"North",63158,6006,8134,0,3,1,2,1,0
24141,0,1,0,1,4,1,1,0,8,3,"East",27386,38888,0,0,2,2,3,2,1
24152,1,1,1,0,1,1,1,1,2,6,"West",6537,37093,0,32912,2,2,2,2,0
24160,0,1,0,1,3,0,0,0,6,6,"East",48954,74861,39044,38852,2,2,3,2,0
24171,1,0,1,1,1,1,0,1,7,8,"North",79693,0,0,0,1,0,3,0,0
24299,1,0,1,0,2,1,0,1,3,3,"South",19120,102110,11390,0,3,4,2,4,1
24585,1,1,1,1,2,0,1,0,7,4,"North",59362,49909,0,0,1,2,1,2,0
24634,1,0,1,0,3,1,0,1,2,4,"North",50572,57201,5134,7088,2,3,3,3,1
24656,1,1,1,1,3,0,1,0,9,7,"North",34646,49773,0,0,1,2,1,2,1
24719,0,1,0,0,1,0,0,0,2,9,"West",27123,156460,13394,17500,3,3,3,5,0
24757,2,2,2,1,3,1,1,1,7,6,"North",141705,94152,27262,0,3,3,5,2,1
24880,1,0,1,0,0,1,0,1,2,4,"East",50519,76308,0,0,3,1,2,2,0
24891,1,1,1,1,5,1,1,1,3,7,"West",0,23003,0,12059,0,2,0,2,1
24904,1,1,1,1,1,0,1,0,1,8,"North",1895,0,0,0,1,0,1,0,0
25005,1,1,1,0,3,1,1,1,4,8,"South",30715,144957,1308,0,2,4,2,4,1
25065,1,0,1,1,3,1,0,1,7,7,"East",26797,62881,7525,0,4,2,4,2,1
25078,1,1,1,1,4,0,1,0,7,7,"North",52545,24732,0,0,2,2,2,3,1
25095,0,1,0,0,1,0,1,0,2,3,"South",40963,28850,0,0,1,3,1,4,1
25103,1,1,1,1,2,1,1,1,3,6,"East",21764,0,10236,0,2,0,2,0,0
25114,0,1,0,0,5,0,1,0,6,7,"East",132179,80255,31665,15218,4,3,5,4,1
25223,1,0,1,1,4,1,0,1,5,7,"North",21196,44485,15328,0,2,3,2,4,0
25242,1,0,1,1,4,1,0,1,1,5,"South",52134,32681,22111,297,4,3,3,3,0
25351,1,1,1,0,2,1,1,1,4,8,"South",0,61497,0,0,0,2,0,4,1
25362,0,1,0,0,5,0,0,0,8,7,"North",68080,36205,11257,20905,3,2,3,4,1
25536,0,1,0,0,3,0,0,0,4,6,"North",6516,101593,0,0,1,3,1,4,0
25724,0,1,0,1,5,0,1,0,3,5,"South",21954,56958,0,29655,2,2,2,4,1
25779,0,1,1,1,2,1,0,0,0,4,"South",74482,115282,15298,115282,2,1,4,3,0
25790,1,0,1,1,4,0,0,0,9,3,"North",109595,72132,31750,0,3,3,3,3,1
25907,1,0,1,0,5,1,0,1,2,4,"North",38439,8039,0,0,2,1,3,2,0
25910,0,1,0,1,2,1,1,0,2,3,"East",60672,5743,0,0,1,1,1,2,0
25929,0,1,0,0,3,0,1,0,6,3,"East",59140,61866,40619,0,3,3,3,3,0
25932,1,1,1,0,4,1,1,1,5,2,"North",24328,11166,0,0,2,1,2,1,0
25937,1,0,1,1,4,1,0,1,6,5,"East",124379,45046,37744,29923,4,2,4,3,1
25946,1,0,1,0,4,1,0,1,2,5,"North",165385,61261,39404,0,5,2,4,2,0
26081,1,1,1,0,2,1,1,1,7,2,"West",25676,62648,0,0,1,1,1,1,0
26242,1,1,0,0,2,0,1,0,7,5,"East",93856,0,10796,0,3,0,4,0,0
26264,1,0,1,1,2,0,0,0,5,8,"West",70767,74316,0,0,2,2,2,3,1
26289,1,1,0,0,4,0,1,0,4,7,"South",38513,0,38513,0,1,0,2,0,0
26450,1,0,1,0,2,1,0,1,7,4,"North",84373,45309,41709,169,2,3,5,4,1
26602,1,1,1,1,4,1,1,1,1,4,"East",78222,5677,0,5677,3,1,3,1,1
26613,1,1,1,0,1,1,1,1,5,3,"North",19844,32265,0,5781,1,2,1,2,0
26621,0,1,0,0,2,0,1,0,2,4,"West",15403,42715,1508,0,2,1,2,1,0
26646,0,1,0,1,4,1,0,0,3,9,"East",65117,92920,8802,37040,3,4,2,4,1
26654,1,1,1,1,2,0,1,0,4,7,"West",78616,108609,8129,0,4,3,4,5,1
26662,1,0,1,0,5,1,0,1,8,3,"East",41732,16054,0,0,1,3,1,6,1
26787,1,1,1,0,2,1,1,1,3,5,"South",10457,69403,0,39897,1,3,2,3,1
26796,0,1,0,0,4,0,0,0,8,7,"South",78483,47871,0,0,1,3,2,3,0
26807,1,0,1,0,5,1,0,1,6,5,"South",86745,127995,24292,0,2,3,2,4,1
26836,1,1,1,1,2,1,1,0,9,4,"North",34248,53502,9066,25832,2,2,2,4,1
26934,0,1,0,0,4,1,1,0,6,7,"East",59857,19814,0,0,3,2,2,2,0
26948,0,1,0,1,1,1,1,0,6,8,"West",172267,53994,0,25449,4,3,5,4,1
26992,1,1,1,0,3,1,1,1,3,2,"East",30708,58791,17476,0,2,1,3,1,0
27019,1,1,1,1,4,1,0,1,9,8,"West",43587,42424,19537,0,3,2,3,2,0
27168,2,1,0,1,1,1,0,0,1,9,"North",5300,33073,0,0,1,3,2,2,1
27183,0,1,0,0,1,0,1,0,8,8,"North",87459,0,13255,0,3,0,4,0,0
27294,1,0,1,1,1,1,0,1,5,4,"East",44278,0,19159,0,3,0,2,0,0
27558,1,0,1,0,1,1,0,1,2,4,"East",112036,66377,47747,0,3,1,4,2,0
27681,0,1,0,0,3,0,1,0,5,3,"East",72778,90351,0,0,2,3,3,4,1
27698,0,1,0,0,2,0,0,0,8,5,"North",45510,74521,0,4280,1,3,1,5,1
27701,0,1,0,1,2,1,1,0,6,5,"East",56590,6765,7114,0,2,1,4,1,0
27801,1,2,0,0,1,0,0,0,7,9,"South",16702,61736,2816,1016,2,3,3,3,1
27975,1,0,0,0,4,0,0,0,2,3,"South",42110,60752,26921,17566,3,3,4,3,1
28038,0,1,0,0,2,0,1,0,4,7,"South",22946,61986,0,0,1,4,1,5,1
28082,2,0,1,0,3,0,0,0,8,3,"North",40286,39809,13731,0,2,2,2,2,1
28090,1,1,1,0,1,1,1,1,8,6,"West",117130,64164,0,0,4,2,5,2,0
28110,0,1,0,0,4,1,0,0,0,7,"South",0,67517,0,0,0,4,0,5,1
28147,0,1,0,0,2,0,1,0,3,3,"East",70614,56531,35528,52126,3,2,3,2,1
28196,1,1,1,0,2,1,1,1,7,2,"East",52695,43650,15212,0,3,3,2,3,1
28343,0,1,0,1,3,1,1,0,9,4,"North",0,35901,0,10571,0,2,0,2,1
28395,1,0,0,0,4,0,0,0,5,8,"North",75684,35757,0,0,1,4,1,3,1
28586,1,1,1,1,2,0,1,0,5,4,"North",145002,19069,11545,0,4,1,4,1,0
28703,1,0,1,1,1,1,0,1,8,6,"South",10646,65158,0,1887,1,3,1,4,1
28768,0,1,0,0,3,0,1,0,5,2,"West",10876,87518,0,25530,2,2,2,2,0
28777,1,1,1,0,1,1,1,1,5,8,"South",41529,32809,0,0,1,1,1,2,0
28779,0,1,0,0,3,0,0,0,3,4,"East",35690,7753,35690,0,1,1,2,1,0
28910,0,1,1,1,4,1,1,0,9,7,"East",134265,0,64869,0,2,0,3,0,0
28924,0,1,0,0,2,0,1,0,7,8,"North",6494,28648,0,0,2,1,2,1,0
28932,2,1,1,0,1,0,0,0,4,3,"North",91183,0,14125,0,4,0,4,0,0
28935,1,1,1,1,3,0,1,0,8,5,"North",114780,107540,8914,22273,4,3,4,5,1
28951,1,1,1,1,2,0,1,0,8,8,"West",12424,41809,0,0,1,2,2,2,0
29038,1,0,1,0,1,1,0,1,8,3,"West",3539,69168,0,14386,1,2,1,2,1
29103,1,1,1,1,2,1,1,1,7,9,"South",29985,64202,12019,9967,2,4,2,4,1
29106,1,0,1,0,1,1,0,1,7,4,"West",25628,156080,0,23295,1,5,1,8,1
29156,1,3,1,1,3,1,1,1,4,7,"South",57293,912,11237,912,2,1,2,1,0
29257,1,0,1,1,3,0,0,0,10,5,"North",61521,24473,0,14599,2,3,3,3,0
29281,1,0,1,0,5,1,0,1,3,3,"West",0,94008,0,3288,0,3,0,3,1
29311,1,1,1,0,0,1,1,1,6,7,"North",65655,51804,52557,0,2,2,3,4,1
29594,1,0,0,0,2,0,0,0,2,4,"South",62349,40489,24571,25403,3,2,3,2,1
29752,0,1,0,1,4,1,1,0,5,5,"South",45822,91542,29295,0,2,3,3,4,1
29769,1,0,1,0,0,1,0,1,5,4,"East",7054,17742,0,4500,1,5,1,6,1
29798,1,0,1,0,4,1,0,1,7,8,"East",117166,88057,0,14146,2,3,3,5,1
29943,1,1,1,0,2,1,1,1,4,6,"South",46346,13536,0,0,1,1,1,1,0
29954,0,0,2,0,0,0,0,0,2,5,"West",87974,49117,0,6492,5,3,5,4,1
29962,0,1,0,1,0,1,0,0,9,6,"North",17840,256487,0,100500,1,5,1,6,1
29987,0,1,0,0,2,0,0,0,7,7,"West",83338,34252,21192,5131,3,3,2,5,0
30322,1,1,1,1,1,1,1,1,2,3,"North",127787,42680,0,0,2,4,4,4,1
30344,0,1,0,0,3,0,0,0,1,5,"North",133050,125795,0,19994,4,4,5,6,1
30352,1,0,1,0,5,1,0,1,8,6,"East",3524,15615,0,0,1,2,1,2,0
30436,1,1,1,0,2,1,1,1,4,4,"North",77002,41220,59770,10133,2,4,2,3,1
30447,1,1,1,1,3,1,1,1,2,6,"West",94493,14947,575,0,4,1,4,1,0
30458,1,0,0,0,0,0,0,0,1,5,"East",23035,14947,0,9748,1,2,1,2,0
30537,2,1,2,1,2,0,1,0,9,2,"North",68456,118057,0,31876,3,4,3,5,1
30545,2,2,0,0,0,0,0,0,6,9,"West",62996,32597,0,0,2,1,2,2,0
30635,1,0,1,1,2,0,0,0,3,7,"East",144658,190402,35308,15538,4,5,6,6,1
30668,0,1,0,1,3,0,0,0,7,3,"North",55390,89519,0,16145,2,3,3,3,0
30796,0,2,0,0,4,0,0,0,3,4,"North",28366,144272,12801,58683,2,4,2,3,1
30992,1,0,1,0,2,1,0,1,3,5,"East",66964,6295,7497,0,3,2,3,2,1
31069,1,1,1,0,3,1,1,1,5,5,"North",34462,125358,0,0,2,2,2,3,1
31077,1,1,1,1,4,1,1,1,8,5,"North",22606,52943,0,0,3,2,3,2,0
31243,0,1,0,0,3,0,0,0,3,3,"East",55332,34354,22752,0,3,1,3,1,0
31257,1,1,1,1,0,1,0,0,7,7,"North",156458,109357,0,15969,3,3,7,3,1
31338,0,1,0,1,1,1,0,0,5,8,"West",19269,25435,19269,0,1,1,1,2,1
31341,0,1,0,0,5,0,1,0,3,5,"East",84501,148339,0,11024,3,3,5,6,1
31352,1,0,0,0,1,0,0,0,1,4,"East",126760,62230,27725,4996,4,3,5,3,1
31385,1,0,0,0,2,0,0,0,7,9,"North",58025,63255,0,0,2,1,2,2,1
31546,0,1,0,1,4,1,1,0,7,3,"North",131644,26506,42384,0,4,1,4,1,0
31556,0,1,0,0,3,0,0,0,8,7,"North",78606,59800,0,33299,1,2,2,2,1
31559,1,1,1,1,3,1,1,1,8,8,"East",61365,5024,0,5024,3,1,3,1,1
31584,0,1,0,0,4,0,1,0,5,9,"East",206695,53137,0,16113,3,3,6,3,0
31674,1,1,1,0,3,1,1,1,6,6,"West",37944,38876,0,0,1,2,2,2,1
31717,0,1,0,1,2,1,1,0,4,6,"East",0,61995,0,0,0,2,0,2,0
31742,1,0,0,0,4,0,0,0,3,3,"West",63285,0,0,0,3,0,3,0,0
31845,0,1,0,0,3,0,1,0,3,4,"East",57646,76133,0,18952,3,3,3,2,0
31859,1,1,1,0,5,1,1,1,4,6,"North",32179,88832,0,85868,1,2,1,2,0
31884,1,1,1,1,2,1,1,1,5,2,"West",75305,100906,0,48176,3,2,4,4,1
31892,1,1,1,1,1,1,1,1,0,8,"East",110884,7196,80703,7196,3,1,4,1,0
32044,0,1,0,0,5,0,0,0,5,5,"East",11428,97423,0,0,1,2,1,3,1
32058,0,1,0,0,0,0,1,0,6,3,"South",111647,91928,0,14860,3,4,5,4,1
32090,0,2,0,0,2,0,0,0,3,2,"East",84067,0,0,0,1,0,2,0,0
32140,0,2,0,0,5,0,0,0,1,2,"North",29797,9864,0,0,2,1,2,1,0
32205,0,1,0,0,3,0,1,0,8,5,"North",83668,60834,8225,0,3,2,3,2,1
32252,0,1,0,0,0,0,1,0,0,5,"West",17827,57720,0,0,2,2,2,3,1
32295,1,1,0,0,5,0,0,0,2,4,"South",168690,54651,50480,0,3,2,4,2,1
32379,1,1,1,1,4,1,1,1,4,6,"West",31578,79439,0,0,2,3,2,4,1
32390,1,0,0,1,4,1,0,0,1,6,"West",50908,90254,22012,0,3,2,4,3,1
32469,2,1,2,1,3,1,1,0,2,8,"North",55238,34228,0,0,2,2,2,2,1
32478,1,1,1,0,2,1,1,1,2,2,"North",96817,60072,0,60072,3,1,4,2,1
32486,1,1,1,0,3,1,1,1,6,3,"East",0,51080,0,0,0,3,0,2,1
32554,0,1,0,0,2,0,1,0,4,7,"South",0,84421,0,53508,0,2,0,1,0
32598,0,1,0,1,3,1,0,0,1,6,"North",39996,14976,0,0,2,2,2,1,0
32622,2,1,2,1,4,0,1,0,9,5,"North",57761,19574,16817,0,3,1,3,1,0
32897,0,1,0,0,5,0,0,0,5,7,"East",15202,0,0,0,3,0,3,0,0
32955,0,1,0,0,2,0,0,0,4,8,"East",45398,2093,0,0,3,1,4,1,0
33001,2,0,2,1,0,0,0,0,6,4,"South",28997,18244,0,0,1,1,1,1,1
33072,0,1,0,0,3,0,1,0,2,4,"South",30608,8333,30608,8333,1,1,1,1,0
33094,1,1,1,1,4,1,1,1,6,4,"West",188931,49335,31084,0,3,2,4,2,1
33099,0,1,0,1,3,1,0,0,7,7,"West",86419,31430,0,31430,3,1,4,2,0
33157,0,1,0,0,5,1,1,0,3,4,"West",96918,9900,26706,0,3,1,3,1,1
33162,1,0,1,0,1,1,0,1,0,9,"North",119748,0,0,0,3,0,4,0,0
33304,0,1,0,0,3,0,0,0,5,8,"South",66106,6901,0,852,2,2,3,1,0
33317,1,0,0,0,0,0,0,0,2,3,"West",38079,14657,0,0,1,1,1,1,0
33500,1,1,1,1,1,0,1,0,1,6,"South",120923,48689,34111,31152,4,2,7,3,0
33508,0,1,0,0,2,0,0,0,7,8,"South",58934,12106,39168,0,3,2,3,2,0
33661,1,1,1,1,4,1,1,1,8,8,"East",113580,0,15636,0,4,0,5,0,0
33674,1,0,0,0,0,0,0,0,7,6,"West",26552,88933,0,0,1,2,1,4,0
33679,0,4,0,0,0,0,0,0,1,5,"West",28787,60849,0,0,1,1,1,2,0
33777,1,1,1,0,4,1,1,1,7,2,"West",106440,111119,11453,22312,2,3,4,4,1
33802,1,1,1,0,3,1,1,1,3,4,"West",127766,110525,0,0,2,3,2,4,0
33906,1,0,1,0,3,1,0,1,2,3,"West",15913,16565,0,3200,1,4,1,3,1
33952,1,0,1,0,4,1,0,1,4,3,"South",74076,20988,28640,0,3,2,4,2,1
34023,2,1,0,1,1,0,1,0,8,5,"North",60650,60766,0,60766,2,1,3,2,0
34064,1,0,1,1,1,1,0,1,9,4,"West",10154,18944,0,148,1,3,1,2,0
34162,1,0,0,1,4,0,0,0,6,6,"North",84915,10361,0,10361,3,1,2,1,0
34186,1,1,1,0,1,1,1,1,0,6,"East",12627,16862,0,0,2,2,2,2,1
34209,1,0,1,1,3,1,0,1,8,4,"North",11809,89873,0,0,1,2,1,2,0
34230,2,0,2,1,1,1,0,0,0,7,"North",7852,0,0,0,1,0,1,0,0
34238,1,1,1,1,3,1,1,1,3,5,"North",33907,296808,0,140500,3,3,3,3,0
34345,1,0,1,0,1,1,0,1,2,4,"West",190844,59959,87665,25395,2,2,3,3,0
34367,1,1,0,1,3,1,1,0,1,3,"South",24051,136818,19957,65740,2,3,3,3,0
34389,1,1,1,0,3,1,1,1,3,6,"South",13406,35250,0,35250,1,1,1,1,1
34481,0,2,0,1,1,1,0,0,7,5,"East",57278,13453,0,0,3,2,4,2,0
34519,0,1,0,0,5,0,1,0,5,5,"North",65041,60076,0,45350,3,2,4,2,0
34680,1,0,1,1,3,1,0,1,8,6,"South",106258,85922,0,22503,3,3,3,2,0
34702,0,0,1,0,2,1,0,0,6,4,"North",113387,129287,0,59539,2,3,3,3,1
34713,0,1,0,0,5,0,0,0,7,4,"West",38074,0,8067,0,3,0,3,0,0
34737,1,1,1,1,2,1,1,1,3,4,"North",0,140349,0,0,0,5,0,4,1
34759,1,0,1,1,3,1,0,1,6,4,"North",82550,0,31605,0,3,0,5,0,0
34829,0,1,0,0,4,0,0,0,2,2,"East",24256,0,0,0,1,0,1,0,0
34851,0,1,0,1,3,1,1,0,1,9,"West",204403,136968,0,19146,4,4,6,5,1
34887,1,1,1,1,3,1,1,1,1,6,"West",10037,133648,10037,70000,1,3,2,3,1
35077,1,0,1,1,1,0,0,0,0,8,"West",71135,10344,0,6086,2,2,3,2,0
35197,1,0,1,0,5,1,0,1,7,6,"North",50783,6341,0,0,2,1,2,1,0
35244,1,0,0,1,2,0,0,0,1,9,"North",12437,114507,0,86885,2,3,2,5,1
35372,0,1,0,1,3,1,1,0,6,7,"East",1473,81542,0,28421,1,5,1,5,1
35429,0,1,0,1,4,1,0,0,9,8,"North",41258,6108,41258,0,1,1,3,1,0
35443,0,1,0,0,3,0,0,0,1,2,"East",76592,53615,0,0,1,2,2,1,0
35465,0,1,0,0,3,0,1,0,2,3,"South",21758,80689,0,0,1,2,1,4,1
35532,0,1,0,0,5,0,0,0,5,4,"North",34161,66407,7837,0,2,1,2,2,1
35732,1,1,1,1,0,1,1,1,6,7,"South",0,0,0,0,0,0,0,0,0
35890,1,0,1,0,2,1,0,1,4,2,"East",41149,46466,24457,0,2,2,2,3,1
35988,0,1,0,0,5,0,1,0,5,5,"North",71981,28929,0,0,3,1,4,1,0
36010,1,1,1,0,3,1,1,1,3,5,"North",25864,26427,0,0,1,2,1,2,0
36135,1,1,1,1,2,0,1,0,6,7,"South",7839,35036,0,12820,2,2,2,2,0
36138,0,1,0,0,0,0,0,0,5,7,"East",66234,0,0,0,2,0,3,0,0
36238,0,1,0,0,3,0,1,0,6,5,"West",54393,125102,0,23847,1,3,1,3,1
36285,1,0,1,0,4,1,0,1,0,4,"West",88181,45584,25535,6110,3,4,3,3,1
36306,1,0,0,1,0,0,0,0,6,4,"West",60652,24189,0,0,2,2,3,2,0
36321,0,1,0,0,1,0,0,0,3,2,"East",9044,11412,0,6000,1,3,1,3,1
36356,1,1,1,1,1,1,1,1,10,5,"South",11965,16344,0,0,2,1,1,2,0
36435,1,1,1,1,3,1,1,1,3,4,"South",23341,20504,4278,0,2,1,3,1,1
36475,0,1,0,0,4,0,1,0,7,7,"East",21128,35051,0,0,1,1,1,1,1
36486,1,0,1,1,5,1,0,1,4,6,"East",44064,73832,33065,12254,3,3,3,3,1
36527,1,0,2,1,5,0,0,0,3,4,"East",50700,105329,50692,100730,2,3,3,3,1
36645,0,1,1,1,4,1,1,0,9,7,"West",13543,68772,0,0,1,3,1,3,1
36781,1,0,1,0,3,1,0,1,7,6,"West",110167,0,14962,0,4,0,6,0,0
36830,1,1,0,1,0,1,1,0,10,6,"West",13937,47438,0,11434,3,4,2,4,1
36852,2,0,0,1,5,1,0,0,6,8,"East",6138,0,0,0,1,0,2,0,0
36944,1,0,0,0,3,0,0,0,0,4,"East",36848,59735,0,20052,2,3,2,3,1
36980,0,1,0,0,3,0,0,0,0,7,"North",127512,79960,0,11225,2,4,4,4,1
37027,1,1,0,1,3,1,1,0,4,9,"West",53583,75577,0,0,2,2,3,3,0
37141,0,1,0,1,5,1,0,0,7,8,"West",60580,72796,0,36326,2,4,3,4,1
37299,1,1,1,1,2,0,1,0,9,8,"North",113026,63164,39688,25833,3,3,4,3,0
37348,1,1,1,1,4,1,1,1,2,6,"West",100685,56304,0,0,2,2,3,2,0
37373,1,1,1,1,2,0,1,0,4,3,"West",153036,1299,22175,1299,4,1,6,1,0
37378,1,1,1,1,4,0,1,0,3,2,"South",48772,54534,15862,21383,4,3,5,3,1
37476,0,2,0,0,1,0,0,0,6,8,"East",41106,91412,0,0,1,1,1,2,1
37522,1,0,1,0,1,1,0,1,4,5,"North",105308,0,0,0,3,0,4,0,0
37722,1,1,1,0,2,1,1,1,8,8,"East",48353,87667,16621,14704,3,3,3,2,1
37754,1,1,1,0,4,1,1,1,7,3,"South",21263,46233,0,0,2,2,2,2,1
37833,1,1,1,1,1,1,1,1,9,7,"West",102142,279801,0,145000,2,2,4,2,1
37928,0,1,0,0,1,0,0,0,8,5,"South",15094,0,0,0,1,0,2,0,0
38021,0,1,0,1,2,1,0,0,6,9,"West",42751,68700,0,0,2,2,3,4,1
38193,1,1,1,0,2,1,1,1,4,6,"East",69635,47182,285,0,3,3,3,3,0
38206,1,0,1,0,2,1,0,1,8,3,"East",56440,11569,35761,0,2,1,2,1,0
38342,1,1,1,0,5,1,1,1,4,6,"West",19342,59313,0,0,2,2,2,3,0
38425,1,1,1,0,0,1,1,1,4,5,"East",25458,82077,0,35218,1,4,2,2,1
38465,1,1,1,0,2,1,1,1,8,8,"East",8630,42929,0,22579,1,4,2,3,1
38517,1,0,1,1,3,1,0,1,2,5,"East",16628,80729,0,31187,1,3,1,3,1
38605,1,0,1,0,2,1,0,1,2,5,"West",26998,57922,0,0,2,3,3,3,1
38609,0,1,0,1,4,1,0,0,10,9,"East",36938,85307,36938,22625,1,4,2,4,1
38640,1,0,1,0,5,1,0,1,8,6,"West",101985,89258,0,0,3,3,4,3,1
38765,1,1,1,0,2,1,1,1,3,3,"East",86079,92910,78914,0,3,2,4,2,1
38792,1,1,1,0,3,1,1,1,3,8,"West",4618,130580,0,22074,1,5,1,5,1
38874,1,1,1,0,4,1,1,1,5,8,"South",113193,44691,48372,22341,3,3,5,4,1
38885,1,0,1,0,5,1,0,1,6,8,"West",77102,12511,28116,0,3,1,2,1,0
38896,1,1,1,1,1,1,1,1,3,6,"South",93575,3168,0,0,3,1,4,1,1
39084,1,0,1,1,4,1,0,1,8,2,"West",49967,94793,0,20024,1,3,2,4,1
39095,0,1,0,0,2,0,1,0,2,3,"North",63785,4235,0,0,1,2,1,2,0
39131,0,1,0,0,3,0,0,0,3,2,"North",88795,63523,24597,10667,3,3,4,2,0
39282,1,1,1,0,4,1,1,1,6,7,"East",73393,6712,13940,0,4,2,3,2,0
39301,0,1,0,0,0,0,1,0,2,3,"East",90168,125933,0,17959,3,4,3,5,1
39405,1,0,2,1,4,0,0,0,0,4,"South",27243,44875,0,0,1,1,1,1,0
39441,0,1,0,0,0,0,1,0,1,4,"East",38878,0,7193,0,2,0,2,0,0
39477,0,1,0,0,0,0,1,0,2,4,"East",56586,49440,42339,22782,2,3,3,3,0
39514,1,0,1,0,1,1,0,1,7,6,"West",66069,145661,0,71093,2,4,1,4,1
39801,0,0,1,0,5,0,0,0,8,3,"West",100462,21770,16804,14850,3,2,4,1,0
39823,0,1,0,0,3,1,1,0,4,5,"West",109537,31937,3553,26156,3,2,4,2,1
39950,0,1,0,1,1,1,1,0,0,7,"West",83984,84189,0,23687,3,4,3,4,1
39994,1,1,1,0,2,1,1,1,3,5,"East",95097,0,20863,0,3,0,3,0,0
39996,1,1,1,0,2,1,1,1,4,2,"West",22962,68204,0,58653,1,2,1,1,0
40002,0,1,0,0,4,1,1,0,5,3,"South",0,40544,0,2754,0,2,0,3,1
40155,0,1,0,0,0,1,1,0,3,6,"West",125089,26849,16185,0,4,2,4,2,0
40180,1,0,0,0,3,0,0,0,3,4,"South",33867,10724,0,48,2,2,3,2,0
40182,0,1,0,0,5,0,1,0,1,5,"North",109462,0,6571,0,5,0,5,0,0
40274,0,1,0,0,5,0,1,0,6,2,"East",75001,75180,59457,40734,2,4,3,4,0
40283,1,0,0,0,1,0,0,0,4,5,"East",54140,122409,4558,61138,3,4,2,4,1
40346,0,1,0,0,3,0,1,0,7,3,"North",15215,80837,15215,2497,1,3,1,5,1
40482,0,1,0,0,3,0,1,0,7,5,"South",15523,40212,0,19733,2,2,2,2,1
40493,1,0,0,0,4,0,0,0,2,3,"East",3320,32121,0,0,1,1,1,2,0
40741,1,1,1,1,4,0,1,0,10,5,"South",106391,61626,33661,0,4,2,4,2,1
40828,1,0,1,1,2,1,0,1,3,3,"South",70652,108617,0,0,2,2,2,4,1
40886,2,1,0,1,4,1,1,0,7,5,"South",15034,33144,0,0,1,2,1,2,0
40915,2,0,3,1,2,1,0,0,5,5,"East",34246,44114,14394,0,2,3,2,3,0
40989,0,1,0,0,4,0,1,0,4,3,"South",0,54217,0,18234,0,3,0,3,0
41060,2,0,0,1,2,0,0,0,8,7,"West",14362,145938,0,20822,1,3,3,4,0
41063,1,1,2,1,3,0,1,0,3,7,"South",133318,55103,0,55103,1,1,3,1,1
41071,0,1,0,0,4,0,1,0,1,3,"West",30817,39477,0,28630,3,2,5,2,0
41106,0,1,0,0,4,0,0,0,2,5,"North",4666,40661,0,0,1,2,1,2,0
41188,1,0,1,0,1,1,0,1,5,7,"South",25561,13010,0,0,1,1,2,1,0
41242,0,1,0,0,2,0,0,0,5,9,"North",21983,96341,0,0,1,3,1,4,1
41335,1,0,1,0,3,1,0,1,2,4,"South",154488,1248,105932,0,3,1,3,1,0
41348,1,1,1,0,3,1,1,1,4,8,"North",46205,56247,0,0,3,3,3,4,1
41392,1,0,1,0,2,1,0,1,3,9,"East",56892,12911,0,0,3,2,3,2,1
41447,2,0,0,0,1,0,0,0,3,4,"East",201324,54329,43910,0,4,2,3,2,0
41520,1,0,1,0,5,1,0,1,8,8,"West",31426,106427,0,22137,2,3,2,3,1
41607,1,1,1,0,3,1,1,1,7,6,"South",119069,26318,54537,0,4,1,4,1,0
41755,1,0,0,0,4,0,0,0,4,3,"East",132032,56372,50122,0,5,2,5,2,1
41869,0,1,1,1,4,0,1,0,2,9,"East",176784,5233,17746,0,4,1,5,1,0
41929,0,2,0,1,2,1,0,0,10,6,"East",45977,40169,0,40169,2,1,2,2,0
42032,0,0,2,1,5,0,0,0,6,4,"South",2553,6555,0,0,1,2,1,2,0
42041,1,0,1,1,4,1,0,1,9,6,"East",35641,5788,13413,0,2,1,2,1,0
42076,0,1,0,0,3,0,1,0,3,6,"South",116075,81684,19995,10470,3,4,3,4,0
42087,1,1,1,0,0,1,1,1,3,6,"West",80539,41455,0,0,2,2,2,2,1
42126,1,1,0,1,3,1,1,0,2,8,"North",0,4910,0,0,0,1,0,1,0
42272,1,1,1,0,5,1,1,1,1,7,"West",57974,137584,25095,0,3,2,2,4,1
42299,1,0,1,0,5,1,0,1,5,4,"East",126144,35144,15029,0,5,1,5,1,0
42308,0,1,0,0,3,0,1,0,4,7,"West",113437,0,0,0,3,0,3,0,0
42444,1,0,1,1,1,1,0,1,6,4,"South",82007,74764,42169,9033,2,3,4,2,1
42599,1,0,1,1,2,1,0,1,5,8,"West",64645,0,2394,0,3,0,4,0,0
42629,2,0,0,0,3,0,0,0,4,7,"East",12463,50751,12463,0,1,2,1,2,1
42646,2,1,3,1,5,1,1,0,7,8,"South",25332,9196,0,0,2,1,2,1,1
42649,1,0,1,0,3,1,0,1,2,2,"West",52158,24463,5844,0,2,1,2,1,0
42665,1,0,1,1,4,1,0,1,6,5,"North",74176,0,0,0,2,0,2,0,0
42673,0,1,0,0,0,0,1,0,5,6,"West",31784,38482,0,0,1,3,1,3,0
42681,1,1,2,1,4,1,1,0,10,7,"North",122903,67840,0,0,2,3,3,3,0
42782,0,1,0,0,4,0,0,0,3,4,"West",65093,67171,30832,43175,2,2,3,3,0
42804,1,0,1,0,3,1,0,1,2,3,"South",55051,16615,0,3000,2,3,3,5,1
42807,1,0,1,1,3,1,0,1,9,5,"North",84784,66076,0,0,2,2,3,4,0
42815,1,1,1,1,3,1,1,1,8,6,"East",0,29863,0,2575,0,2,0,4,1
42918,0,2,0,0,1,0,0,0,8,6,"West",155995,62957,46568,29459,4,4,5,4,0
42975,1,1,1,0,2,1,1,1,2,3,"East",189285,35879,0,13223,3,2,6,2,0
43117,0,1,0,1,1,1,1,0,1,8,"West",11023,35238,0,0,1,3,1,3,0
43128,0,1,0,0,1,0,1,0,1,7,"North",1398,66451,0,0,1,3,1,4,0
43150,0,1,0,0,2,0,0,0,2,4,"North",0,99368,0,29495,0,3,0,4,0
43178,0,1,0,0,2,0,1,0,5,4,"North",75945,47807,38757,16418,2,4,3,3,1
43264,1,1,1,0,4,1,1,1,5,4,"North",94012,34964,0,0,2,2,2,1,1
43357,1,0,1,0,2,1,0,1,7,7,"North",72733,43373,51032,0,3,2,3,2,1
43507,1,1,1,0,3,1,1,1,5,6,"South",108796,71634,68099,0,3,3,4,2,0
43521,1,1,1,1,3,0,1,0,5,7,"East",154192,26128,0,0,3,2,3,2,1
43529,1,0,1,0,2,1,0,1,0,6,"South",81749,122310,21855,0,3,2,4,5,0
43539,0,1,0,0,0,0,0,0,3,7,"South",80352,61584,72070,319,2,3,3,4,1
43564,1,2,1,1,4,1,0,1,2,7,"South",76303,64328,0,27500,1,2,3,3,0
43682,1,1,1,0,1,1,1,1,2,2,"North",52958,20467,456,0,4,1,4,1,0
43856,1,1,1,0,4,1,1,1,3,4,"South",75987,160459,61806,43759,2,4,2,4,0
43970,1,0,1,0,4,1,0,1,4,8,"West",53497,51875,0,10338,3,3,3,3,0
44008,1,1,1,0,2,1,1,1,4,6,"South",70606,39526,0,30210,3,2,5,3,1
44183,1,0,1,0,3,1,0,1,1,7,"East",95805,55016,0,0,4,3,3,3,1
44232,1,1,1,1,1,1,1,1,2,5,"East",41933,78526,9098,45000,2,2,3,2,0
44327,1,1,1,1,1,1,1,1,8,9,"North",21494,16130,18709,0,3,1,3,1,0
44425,0,1,0,0,1,0,1,0,2,6,"East",148257,54969,9438,0,3,4,5,5,1
44573,1,1,1,0,3,1,1,1,5,2,"North",40808,13219,0,0,2,1,2,1,1
44597,0,1,0,0,3,0,1,0,4,5,"West",33615,32345,0,24553,2,3,2,3,1
44676,0,1,0,0,2,0,1,0,3,8,"West",139770,29291,0,26875,4,2,4,2,1
44744,1,1,1,1,3,1,1,1,2,9,"North",0,37674,0,0,0,1,0,1,0
44804,1,1,1,0,4,1,1,1,2,5,"West",24605,22497,0,8366,1,2,1,2,1
44872,1,1,1,1,3,1,1,1,1,4,"West",73415,22223,32075,14231,3,2,4,2,1
44935,0,1,0,0,3,0,1,0,2,2,"South",43942,71650,36400,0,3,1,3,3,1
45113,0,1,0,0,2,0,1,0,6,9,"South",10134,167013,10134,45740,1,4,1,6,1
45115,0,1,0,0,4,0,0,0,5,3,"North",12023,0,0,0,1,0,1,0,0
45450,0,1,0,1,3,1,0,0,7,7,"South",91783,71630,0,39909,2,2,4,2,1
45592,0,1,0,0,1,0,1,0,2,3,"South",0,67046,0,0,0,2,0,4,1
45627,1,1,0,1,3,0,1,0,7,7,"North",80701,32855,17511,2507,3,3,4,3,0
45660,2,1,2,1,4,0,1,0,8,6,"North",109878,45885,90149,0,2,2,3,4,1
45728,0,1,0,0,3,0,0,0,4,4,"South",56269,5873,20476,0,3,1,2,1,0
45935,1,0,0,1,5,0,0,0,8,4,"North",156212,60623,30677,22953,4,2,5,3,1
45989,1,1,1,0,4,1,1,1,6,2,"West",0,86842,0,3306,0,3,0,3,1
46143,1,1,1,1,1,1,1,1,1,4,"East",125619,73012,52717,0,3,2,4,3,0
46159,0,1,0,0,5,0,1,0,7,6,"West",78565,1299,4985,0,4,1,4,1,1
46167,1,0,1,1,5,0,0,0,5,5,"West",0,59356,0,0,0,2,0,3,0
46183,0,1,0,0,3,0,0,0,0,3,"North",62752,10775,929,0,3,1,4,1,0
46270,1,0,0,0,1,0,0,0,5,7,"South",78234,69274,28954,40001,3,3,3,4,1
46355,1,0,2,1,3,1,0,0,2,6,"West",53457,34123,0,14893,2,3,2,2,0
46357,1,0,1,0,3,1,0,1,0,8,"North",57045,0,20052,0,2,0,2,0,0
46644,0,1,0,0,1,0,1,0,7,5,"South",57966,91475,0,7509,1,4,1,5,1
46682,1,1,1,1,3,1,1,1,8,3,"East",49645,63670,0,0,2,2,3,3,1
46862,0,1,0,0,2,0,1,0,3,4,"South",52603,92387,0,20724,2,2,2,5,1
46864,0,1,0,1,2,1,0,0,1,3,"North",37323,64822,0,14412,1,3,1,2,0
46889,0,2,0,0,0,0,1,0,7,8,"East",44504,1605,0,1605,1,1,2,1,0
47175,1,0,1,0,4,1,0,1,3,8,"North",33266,78562,10254,14395,2,4,2,4,1
47262,1,1,1,1,4,1,1,1,4,2,"West",85648,50805,26010,0,4,2,4,2,1
47426,1,0,1,0,3,1,0,1,2,5,"South",79634,0,52434,0,3,0,4,0,0
47521,1,1,1,1,3,1,1,1,10,8,"West",21984,13693,6101,0,2,1,2,1,0
47532,1,0,1,0,3,1,0,1,8,5,"East",27627,1777,0,1777,2,1,2,2,0
47568,0,1,0,0,5,0,0,0,1,8,"East",28509,42369,0,0,2,2,2,3,1
47745,1,0,1,1,1,1,0,1,1,5,"South",231463,0,129997,0,4,0,4,0,0
47878,0,1,0,0,4,0,0,0,1,2,"East",106384,77417,46710,34306,3,3,5,4,1
47900,0,1,0,0,1,0,1,0,3,4,"South",52882,78826,24758,50894,2,3,4,4,1
47911,1,0,1,1,3,1,0,1,8,4,"South",154688,2783,0,0,3,1,4,1,1
47922,0,1,0,0,4,0,0,0,7,8,"North",54578,24356,0,0,2,2,2,2,0
48104,2,1,2,1,0,1,1,0,6,8,"East",156548,46240,28753,9201,4,3,5,4,1
48124,1,0,1,1,4,1,0,1,3,3,"East",73822,48350,17482,0,2,2,3,2,1
48216,1,1,1,1,4,1,1,1,5,5,"South",42961,127880,0,44814,2,3,3,2,1
48423,0,1,0,0,0,0,1,0,7,3,"West",126390,69611,0,0,4,2,4,3,1
48617,1,1,1,0,4,1,1,1,6,3,"South",96925,40486,0,24337,2,2,3,2,1
48622,0,1,0,0,3,0,1,0,6,6,"East",117331,45715,45043,0,3,1,3,2,0
48647,0,1,0,0,3,0,1,0,4,8,"South",66583,8544,0,8544,2,1,2,1,0
48805,0,1,0,0,3,0,0,0,2,5,"North",78664,141835,37572,38438,3,4,4,6,1
48919,0,1,0,1,3,1,0,0,3,6,"North",47174,176494,0,52649,2,4,3,5,0
48979,0,1,0,1,3,1,1,0,2,5,"North",144388,78380,38583,35728,3,2,2,2,1
49088,0,1,0,0,2,0,1,0,5,4,"South",65401,41768,0,15978,2,3,2,3,0
49162,0,1,0,0,1,0,1,0,8,6,"West",119622,39995,0,0,3,1,2,1,1
49265,0,1,0,0,0,0,1,0,6,8,"East",25046,23605,0,0,1,3,2,2,1
49290,0,1,0,1,4,1,1,0,9,9,"West",40221,126508,0,23942,2,4,2,6,0
49309,0,1,0,0,4,0,0,0,2,7,"East",160577,36065,72722,36065,3,1,6,3,0
49451,0,1,0,1,4,1,1,0,3,6,"South",161770,15367,79225,0,3,2,6,2,0
49570,1,0,1,0,4,1,0,1,4,7,"South",79926,1058,0,1058,2,1,2,1,0
49636,1,0,0,0,4,0,0,0,7,9,"West",8231,0,0,0,2,0,2,0,0
49644,1,1,1,1,2,1,1,1,3,9,"East",72777,18298,0,0,2,1,2,1,1
49772,1,0,0,0,3,0,0,0,3,2,"North",130513,7770,28614,0,4,1,5,1,0
49819,0,0,1,0,3,0,0,0,4,4,"North",110082,27555,0,0,2,1,1,2,1
49870,1,1,1,1,5,0,1,0,3,3,"North",1550,38567,1550,20000,1,4,1,6,1
49884,1,0,1,1,4,0,0,0,5,5,"North",108615,46197,43891,0,3,4,2,4,1
49890,0,0,1,0,5,0,0,0,0,5,"East",0,31840,0,12550,0,2,0,2,0
49969,1,0,1,1,1,1,0,1,6,9,"North",82150,142357,0,0,3,4,3,4,1
49982,1,1,1,0,1,1,1,1,2,7,"East",101000,120881,0,55635,2,4,2,4,1
50129,1,0,1,0,3,1,0,1,8,9,"East",0,77880,0,0,0,4,0,4,1
50168,0,1,0,1,0,1,1,0,9,3,"North",99695,43947,31369,15219,3,2,3,2,1
50192,0,1,0,0,0,0,1,0,2,2,"East",64531,20250,27858,2013,3,2,3,2,1
50197,0,1,0,0,2,1,0,0,8,6,"West",64379,23994,0,0,3,1,4,2,1
50200,0,1,0,0,1,1,1,0,0,6,"East",35740,79678,30567,0,2,3,2,3,1
50304,1,1,1,1,0,0,1,0,2,6,"North",11559,94184,0,15771,3,3,3,3,0
50380,0,1,0,0,2,1,1,0,1,2,"North",199131,53384,37212,0,3,1,5,1,0
50405,2,0,3,1,4,0,0,0,5,5,"North",60970,80627,0,7818,2,2,3,3,1
50429,1,1,1,0,1,1,1,1,3,3,"South",53337,89591,25750,0,4,3,3,4,0
50514,0,1,0,0,5,0,1,0,5,6,"West",62099,35195,0,0,3,3,4,3,1
50737,0,1,0,0,1,0,0,0,5,2,"East",128277,95219,52246,0,4,3,4,3,1
50882,1,0,1,0,3,1,0,1,6,8,"West",22691,0,0,0,1,0,1,0,0
50915,1,1,0,1,5,0,1,0,6,9,"West",29741,61749,0,19434,2,4,2,3,0
50920,1,1,1,1,1,1,1,0,7,4,"West",6679,40611,6679,22706,1,2,1,3,1
50950,0,1,0,0,4,0,0,0,6,6,"West",0,67451,0,0,0,3,0,4,1
51066,1,1,1,0,1,1,1,1,3,6,"West",154,0,0,0,1,0,1,0,0
51244,1,0,0,1,3,1,0,0,0,6,"West",25477,57949,468,3259,2,2,2,4,1
51253,0,1,0,0,0,0,1,0,2,4,"East",30238,0,0,0,1,0,1,0,0
51484,2,3,2,1,1,1,0,0,6,6,"West",30604,14591,0,0,1,1,1,1,1
51555,0,1,0,1,2,1,1,0,1,8,"South",73505,52142,5650,0,4,4,5,4,1
51566,1,1,1,0,4,1,1,1,2,6,"South",55114,45174,0,5104,1,3,3,3,1
51642,0,1,0,0,4,0,1,0,5,3,"North",58047,0,0,0,2,0,2,0,0
51715,1,0,1,1,3,1,0,1,7,6,"East",100085,50000,545,0,3,2,3,1,1
52061,1,0,1,1,1,1,0,1,1,9,"East",92814,68241,42320,0,3,1,5,2,0
52291,1,0,1,0,1,1,0,1,0,7,"North",51865,56924,0,0,1,2,2,2,0
52318,1,0,0,1,2,1,0,0,7,5,"West",51758,70218,0,6682,3,2,2,2,0
52407,0,1,0,0,2,0,0,0,3,8,"North",36920,22496,4380,17725,3,2,2,2,1
52429,0,1,0,0,2,0,1,0,1,5,"East",44420,119068,30506,33256,2,3,2,3,0
52495,1,2,1,0,0,0,1,0,8,7,"South",40239,187971,0,34017,3,4,2,4,1
52640,0,1,0,0,5,0,1,0,2,3,"East",85655,16179,59058,12847,3,2,5,4,0
52653,1,1,1,0,3,1,1,1,5,6,"South",18534,141097,0,0,2,4,2,4,0
52677,1,1,1,0,2,1,1,1,6,7,"North",50868,88722,5727,32331,4,2,3,2,1
52765,1,1,1,1,2,1,1,1,10,7,"South",5106,72020,0,0,1,2,1,3,0
52824,1,0,1,0,5,1,0,1,5,5,"South",30413,66352,0,29432,2,2,2,2,0
52852,1,1,1,0,1,1,1,1,0,7,"East",0,174112,0,27712,0,5,0,5,0
52999,1,1,1,0,0,1,1,1,6,6,"North",39928,11604,0,9605,2,2,2,2,0
53002,1,0,1,0,3,1,0,1,2,9,"North",144371,8481,52048,0,4,1,4,1,1
53190,1,0,0,1,3,1,0,0,9,9,"East",21519,8166,14267,0,2,1,2,1,1
53334,1,1,1,1,5,0,1,0,6,4,"North",87761,117058,6428,968,4,4,3,4,0
53413,4,2,0,1,2,0,0,0,7,8,"North",18738,64694,0,0,2,2,2,2,1
53459,1,0,1,0,3,1,0,1,2,3,"North",21462,39918,0,0,1,1,2,2,0
53552,2,1,0,1,3,0,1,0,9,4,"East",61286,52105,0,7897,3,4,3,3,0
53553,1,1,1,0,1,1,1,1,7,8,"West",31598,103588,4777,0,2,3,2,5,0
53683,1,1,1,1,0,0,1,0,1,4,"West",0,10695,0,0,0,1,0,1,1
53735,0,1,0,0,3,0,1,0,4,3,"West",15138,86887,0,0,1,3,1,2,1
53759,1,0,1,0,4,1,0,1,1,6,"North",60953,219171,18950,56210,2,5,3,7,1
53760,1,0,1,0,3,1,0,1,1,4,"East",25717,6829,0,0,2,1,2,1,0
53882,2,2,2,1,4,0,0,0,3,3,"West",15954,47288,0,0,2,1,2,1,1
54027,0,1,0,0,5,0,1,0,2,9,"North",15473,40854,0,37974,1,2,1,2,0
54056,2,1,2,1,4,0,1,0,3,7,"North",15295,33585,924,0,2,1,2,2,1
54073,0,1,0,0,4,0,1,0,0,9,"South",107832,36945,562,0,3,1,4,1,0
54106,0,1,0,0,5,0,1,0,5,3,"West",109375,14817,58836,0,3,1,3,1,0
54163,1,0,1,0,1,1,0,1,2,7,"South",0,102011,0,50645,0,3,0,3,1
54174,1,0,1,0,2,1,0,1,5,4,"East",39829,27114,0,0,3,3,2,3,0
54212,0,1,0,0,2,0,1,0,3,5,"North",49358,71664,7050,0,3,4,4,3,1
54223,1,1,1,1,2,1,1,1,2,9,"West",212958,27295,95112,27295,3,1,7,2,0
54253,0,1,0,0,2,0,0,0,4,6,"West",47221,26586,4831,14537,3,3,3,3,0
54373,0,1,0,1,2,1,1,0,9,7,"West",0,75301,0,19535,0,2,0,2,1
54427,1,1,1,1,2,1,1,1,6,6,"South",86117,57646,70385,0,2,1,3,2,1
54580,1,0,1,1,3,1,0,1,1,6,"South",59557,8458,3165,0,3,1,4,1,0
54597,0,1,0,0,3,0,1,0,4,4,"South",4779,9222,0,0,1,1,1,1,0
54605,1,1,1,1,2,1,1,1,9,5,"South",44555,44578,4577,17924,3,2,3,3,1
54708,0,1,0,0,4,0,1,0,1,4,"South",14388,47787,11742,19144,2,3,2,3,1
54765,1,1,1,1,0,1,1,1,3,3,"South",81587,117844,0,16407,3,4,3,5,1
54868,1,0,1,0,2,1,0,1,2,6,"North",141169,0,27503,0,4,0,4,0,0
54947,1,0,0,1,2,1,0,0,4,5,"East",62824,27387,21781,0,2,3,1,3,1
54989,0,1,0,0,2,0,1,0,3,2,"South",153482,11432,0,4500,2,3,4,4,1
55225,1,0,1,0,3,1,0,1,6,5,"South",134284,163143,0,63073,3,4,6,6,1
55667,0,1,0,0,2,0,1,0,3,5,"North",39562,103701,0,0,1,3,1,4,1
55814,0,1,0,0,4,0,1,0,2,5,"South",40382,48080,0,0,2,2,2,2,1
56043,1,1,1,1,2,1,1,1,8,3,"East",49550,89541,49550,44500,1,3,1,4,1
56117,0,1,0,1,0,1,1,0,3,7,"West",74667,48476,0,46780,3,2,3,2,0
56169,1,0,1,1,1,1,0,1,7,5,"North",32582,20524,12639,0,2,2,2,2,0
56316,1,1,1,0,3,1,1,1,8,5,"South",56307,22048,0,0,1,2,2,3,0
56338,1,0,1,0,3,1,0,1,1,7,"South",98356,20997,27872,6059,3,2,3,2,1
56341,1,0,1,0,1,1,0,1,6,3,"South",73494,0,0,0,3,0,4,0,0
56365,0,1,0,0,2,0,0,0,2,2,"South",58097,57933,20755,10127,2,2,2,3,0
56400,1,2,1,1,3,1,0,1,10,4,"East",0,9751,0,0,0,1,0,1,0
56553,1,0,1,0,4,1,0,1,6,3,"South",124760,47982,49063,0,3,1,6,2,0
56724,1,0,1,1,4,1,0,1,8,4,"South",63963,147475,0,0,4,4,5,4,1
56809,0,1,0,0,0,0,1,0,1,3,"South",82557,0,0,0,3,0,3,0,0
56877,0,1,0,0,3,0,1,0,2,2,"West",0,107256,0,28614,0,4,0,4,0
56880,1,0,1,1,2,1,0,1,1,5,"East",44154,150776,3146,45283,3,5,3,6,1
57041,1,1,0,1,1,1,1,0,4,8,"North",22193,100216,10378,15347,2,3,2,4,0
57055,0,1,0,1,2,1,1,0,10,8,"North",97222,67626,51725,0,2,1,2,4,1
57092,0,1,0,0,2,0,1,0,2,2,"North",21483,99754,0,21227,2,3,3,5,1
57215,0,1,0,0,1,0,0,0,5,8,"West",18882,0,18882,0,1,0,2,0,0
57526,1,0,1,1,1,1,0,1,1,4,"South",71482,0,44062,0,3,0,3,0,0
57542,0,1,0,0,4,0,1,0,6,8,"North",75907,74058,41499,39654,2,4,2,4,1
57564,0,1,0,0,4,0,0,0,2,6,"South",132054,70448,38392,35793,3,2,3,2,0
57572,1,0,1,1,1,1,0,1,8,4,"West",35624,2765,0,0,1,1,2,1,0
57588,1,1,1,0,4,1,1,1,3,3,"North",44483,31070,0,0,1,1,1,1,0
57678,0,1,0,0,5,0,0,0,2,8,"East",95221,67810,0,0,2,1,2,1,1
57714,0,1,0,0,4,0,1,0,8,6,"West",155029,9815,9812,8217,4,2,5,2,1
57728,0,1,0,1,0,1,1,0,1,7,"South",57648,20869,0,4913,2,2,2,2,1
57746,0,1,0,0,2,0,1,0,3,7,"West",4284,60859,0,0,1,3,1,4,1
57853,1,1,1,0,1,1,1,1,5,7,"East",4973,58500,0,0,1,3,1,3,0
57921,1,0,1,0,2,1,0,1,1,4,"South",12416,6383,0,6383,1,1,1,1,0
58082,1,1,1,1,1,1,1,1,2,8,"East",120509,34037,45394,34037,3,1,2,1,0
58106,0,1,0,0,3,0,1,0,5,6,"South",18111,51574,0,0,1,2,1,2,1
58109,0,1,0,1,2,1,1,0,6,8,"North",62652,49678,32887,0,2,1,2,2,1
58117,1,0,1,0,2,1,0,1,6,6,"South",5758,103822,5758,18418,1,5,1,3,1
58281,1,0,1,0,4,1,0,1,4,3,"South",34477,12419,0,12419,2,1,3,1,0
58298,1,1,1,1,2,0,1,0,3,9,"North",27625,31689,17895,0,2,3,2,3,1
58300,1,0,1,0,3,1,0,1,5,3,"East",24567,2301,0,0,1,1,1,1,0
58319,1,0,2,1,1,0,0,0,5,7,"East",21927,51673,8659,0,2,2,1,3,0
58384,1,0,1,0,2,1,0,1,2,3,"West",29567,39093,0,0,1,3,1,3,1
58463,0,1,1,1,4,1,1,0,3,7,"East",19052,26461,19052,6492,1,3,2,3,1
58466,1,0,1,1,5,0,0,0,3,3,"West",47386,155435,0,77538,1,3,1,4,1
58485,1,0,1,0,3,1,0,1,5,5,"West",73191,15552,34816,9890,4,2,5,1,0
58624,1,1,1,1,1,1,1,1,2,5,"North",79311,125603,62599,2839,2,3,1,5,0
58766,1,0,0,0,2,0,0,0,8,6,"East",64310,1443,10993,1443,2,1,3,1,0
58804,1,0,0,0,5,0,0,0,0,5,"North",14571,13530,0,10333,2,2,2,2,0
58810,1,1,1,0,1,1,1,1,5,5,"West",58617,70341,22854,15300,2,3,2,3,0
58850,1,1,1,0,5,1,1,1,6,7,"East",83647,171642,32872,8102,2,5,2,5,1
58951,1,0,0,0,5,0,0,0,2,2,"North",29410,10503,12020,0,2,1,3,1,0
58973,1,1,1,1,2,1,1,1,0,5,"West",0,68985,0,25230,0,2,0,4,1
59332,0,2,0,0,1,0,0,0,2,6,"East",100639,41175,49419,0,4,2,5,2,0
59347,1,1,0,1,1,0,1,0,4,4,"North",53141,1247,19320,0,3,1,5,1,1
59524,1,0,1,1,3,1,0,1,9,5,"North",81801,114236,27886,0,3,3,4,5,0
59665,0,1,0,0,4,0,0,0,5,3,"East",11462,87502,0,0,1,3,1,5,1
59965,0,1,0,0,5,0,0,0,4,4,"East",72439,21138,0,0,2,2,2,1,0
60003,1,0,0,0,3,0,0,0,2,3,"East",8317,42233,0,12766,1,3,1,3,0
60055,1,0,1,0,4,1,0,1,8,8,"North",87242,31434,61375,0,3,2,4,2,0
60068,0,1,0,0,1,0,1,0,8,4,"South",38253,29586,15537,19806,3,2,3,2,0
60164,0,1,0,1,1,1,1,0,8,5,"North",39935,42786,39935,0,1,3,1,3,0
60243,1,0,1,1,4,1,0,1,1,2,"East",89207,160470,19102,48195,2,3,2,3,0
60352,1,0,1,0,3,1,0,1,6,5,"East",111754,79989,20337,19365,4,2,4,3,1
60382,1,0,0,1,3,0,0,0,7,6,"South",81846,62910,244,0,3,2,4,3,1
60499,0,0,2,1,2,1,0,0,4,7,"East",71619,39811,0,0,4,2,4,3,1
60524,0,1,0,0,1,0,0,0,7,5,"West",9549,0,0,0,1,0,1,0,0
60553,0,1,0,0,4,0,1,0,3,4,"West",88354,5171,66369,0,2,1,4,1,0
60788,2,1,2,1,2,1,1,0,8,8,"West",53773,49816,24402,0,2,2,1,2,1
60796,1,0,0,0,4,0,0,0,4,6,"South",136010,32970,0,0,3,1,3,2,0
60968,1,1,1,1,2,1,0,1,1,8,"West",5974,32814,0,0,1,2,1,2,1
61115,1,0,1,0,3,1,0,1,2,4,"East",26922,30946,0,0,1,1,2,1,1
61145,2,4,0,1,0,1,0,0,2,6,"West",81595,15304,0,0,3,1,3,1,0
61202,1,0,2,1,1,1,0,0,0,7,"North",37830,31431,0,0,2,1,3,1,0
61240,0,1,0,0,4,0,0,0,3,9,"North",62693,152257,13985,6710,3,4,3,5,1
61289,1,0,1,1,0,1,0,1,7,8,"North",35466,57752,35466,30353,1,3,2,3,0
61368,1,1,1,0,4,1,1,1,2,4,"North",6808,116668,0,29504,1,4,1,4,0
61412,0,1,0,0,4,0,1,0,8,4,"North",94687,112733,41873,27297,3,3,3,4,1
61459,1,0,0,1,5,1,0,0,6,6,"North",47164,0,34131,0,3,0,3,0,0
61480,1,0,1,1,2,1,0,1,7,8,"North",31453,181106,602,68285,2,2,2,3,0
61671,1,0,1,0,3,1,0,1,7,9,"East",29542,25789,1174,0,4,2,4,2,0
61780,1,0,1,1,4,1,0,1,7,3,"South",158004,2167,0,2167,3,1,4,1,1
61829,0,1,0,0,2,1,0,0,2,6,"West",54627,116125,0,0,4,3,4,3,1
61837,1,0,1,0,3,1,0,1,3,4,"South",152026,124349,0,43220,3,3,2,3,1
62003,0,1,0,0,3,1,1,0,3,8,"South",16381,112991,0,19472,1,3,1,4,1
62254,1,0,1,1,1,1,0,1,3,5,"South",994,40179,994,38320,1,2,1,2,0
62322,1,0,1,1,0,1,0,1,6,2,"West",182053,20939,0,10338,4,2,4,2,0
62486,1,1,1,0,3,1,1,1,7,3,"South",20809,37451,0,1475,2,2,2,3,0
62510,1,2,0,1,3,0,0,0,7,7,"North",46147,102941,0,0,4,2,3,4,1
62600,1,0,1,0,2,1,0,1,6,5,"West",46748,29311,22253,1498,2,3,4,3,1
62611,1,0,0,0,3,0,0,0,7,6,"North",81193,87734,0,0,3,2,2,4,0
62693,1,1,1,0,2,1,1,1,2,3,"South",0,64592,0,39357,0,3,0,2,0
63145,1,1,1,0,5,1,1,1,1,7,"North",50916,88805,0,44981,1,4,1,4,1
63170,1,0,0,0,3,0,0,0,2,9,"South",11540,24593,10690,0,2,2,2,2,0
63192,1,0,1,0,3,1,0,1,1,4,"East",18434,19473,0,19473,1,1,1,2,1
63203,0,1,0,0,0,1,1,0,2,3,"North",40691,48821,0,0,2,3,2,4,0
63306,1,0,1,0,4,1,0,1,4,7,"North",48866,0,11648,0,4,0,3,0,0
63397,0,1,0,0,0,0,1,0,4,5,"West",41987,25986,9517,15125,2,2,1,2,1
63663,1,0,1,0,0,1,0,1,8,7,"East",17296,23923,0,0,1,1,1,2,0
63758,1,0,1,0,4,1,0,1,2,7,"West",56346,11985,56346,0,1,1,3,2,0
63769,1,1,1,0,1,1,1,1,5,2,"North",171171,69075,90632,11720,3,3,4,5,1
63865,1,0,0,1,5,0,0,0,7,7,"West",21780,23965,0,0,2,2,3,2,0
63955,1,1,1,0,2,1,1,1,1,3,"West",12209,0,0,0,1,0,1,0,0
64058,0,1,0,0,1,0,1,0,8,3,"South",67962,0,0,0,2,0,2,0,0
64246,1,0,1,0,5,1,0,1,4,4,"West",64634,41353,0,12175,2,2,2,2,0
64249,0,1,0,0,0,0,1,0,3,8,"South",67581,101926,0,0,3,2,5,3,1
64358,1,0,2,1,2,1,0,0,8,4,"North",21361,8771,20384,0,2,1,1,1,0
64369,0,1,0,0,5,0,1,0,6,8,"North",13462,67938,0,10855,2,4,2,5,1
64372,1,1,1,0,4,1,1,1,6,5,"East",21695,58800,0,7191,3,2,1,3,1
64467,0,1,0,0,4,0,1,0,2,6,"East",108162,34660,53700,0,2,1,2,1,0
64532,1,1,1,0,2,1,1,1,8,8,"North",28213,99680,19702,15,2,3,2,5,1
64609,1,1,1,0,0,1,1,1,3,8,"North",42698,22755,9901,21337,4,2,3,2,0
64620,1,1,1,1,2,1,0,0,1,4,"North",68477,51991,0,0,3,1,3,1,1
64778,1,1,1,1,3,1,1,1,8,4,"West",88318,100777,4981,9412,3,2,3,4,1
64808,0,1,0,0,2,0,1,0,6,4,"East",24658,46328,6478,1485,2,4,3,4,1
64917,0,1,0,0,2,0,0,0,0,6,"South",75470,24046,30524,0,3,1,2,2,1
65134,1,1,0,1,1,1,1,0,4,4,"North",0,48000,0,0,0,2,0,3,0
65152,1,1,1,0,2,1,1,1,1,7,"South",40786,79964,0,0,1,3,1,2,0
65246,1,0,1,1,4,1,0,1,4,6,"North",84653,113295,0,13129,2,4,2,4,0
65296,0,1,0,1,1,1,1,0,8,4,"South",11913,69782,0,40000,2,2,2,4,1
65606,1,1,1,1,3,1,1,1,1,5,"East",82522,24594,22761,15467,2,4,2,3,0
65816,1,0,1,0,1,1,0,1,1,6,"South",56391,34142,18446,14752,3,2,3,2,0
65838,0,1,0,0,2,0,1,0,7,6,"North",24155,93535,0,90014,1,2,1,3,0
65963,0,1,0,0,1,0,1,0,2,3,"South",43104,26245,0,11729,2,2,4,3,1
66151,1,0,1,0,1,1,0,1,3,7,"East",22974,92265,22974,0,1,2,1,2,0
66162,1,1,1,1,2,1,1,1,3,3,"East",163584,138783,0,63804,3,5,4,5,1
66200,1,1,1,0,1,1,1,1,3,4,"East",44597,42538,0,0,1,1,2,1,0
66225,2,1,2,1,1,1,1,0,3,2,"East",60602,68187,30753,0,2,2,1,2,0
66383,0,1,0,1,4,1,1,0,1,6,"South",53168,56005,0,29312,1,2,1,2,0
66519,0,0,1,0,2,0,0,0,2,5,"West",50651,97327,10922,0,3,3,2,3,0
66555,1,1,1,1,3,1,1,1,9,5,"West",19781,32194,0,0,2,2,2,2,0
66596,0,1,0,0,1,0,0,0,4,2,"West",8375,23603,0,0,1,1,1,2,0
66707,0,1,0,0,2,0,1,0,8,8,"East",34709,27664,0,17308,2,2,2,2,0
66868,1,0,1,0,0,1,0,1,2,7,"South",19057,54410,0,0,1,2,1,2,0
66920,1,1,1,0,2,1,1,1,3,8,"North",79870,68049,10626,0,3,3,3,3,0
67015,1,0,1,1,1,1,0,1,2,6,"West",111113,14698,0,0,2,1,3,1,1
67043,0,1,0,1,3,1,1,0,6,8,"East",117754,84706,12242,0,4,2,4,3,0
67062,1,1,1,1,5,1,1,1,1,5,"East",27334,115134,0,0,1,3,1,4,1
67076,0,1,0,1,4,1,1,0,3,6,"North",38954,60584,28134,0,2,2,2,2,0
67206,1,1,1,0,0,1,1,1,1,6,"South",45169,28434,9395,0,3,1,3,1,0
67242,1,1,1,1,5,1,1,1,4,8,"East",0,37619,0,10115,0,2,0,1,0
67247,1,0,1,0,2,1,0,1,7,5,"West",29200,53699,1207,0,2,2,2,1,0
67285,1,1,1,0,3,1,1,1,8,5,"East",41281,38513,0,0,3,2,3,2,1
67411,1,1,1,0,3,1,1,1,2,5,"South",44609,0,6838,0,2,0,1,0,0
67462,1,0,1,1,3,1,0,1,2,5,"West",70067,66597,23670,0,3,3,3,3,0
67468,0,1,0,0,2,0,1,0,3,9,"West",36735,43509,0,0,1,1,1,2,0
67596,0,1,0,0,2,0,1,0,1,6,"South",76066,0,0,0,2,0,2,0,0
67909,1,0,1,0,5,1,0,1,3,8,"North",15531,38093,15531,18079,1,3,2,3,1
68048,1,0,1,1,3,1,0,1,8,6,"North",10248,47654,0,18000,1,3,2,2,1
68114,1,0,1,0,1,1,0,1,0,9,"East",25136,42767,1188,42767,3,1,3,1,0
68301,2,2,1,1,1,1,1,1,8,8,"East",50702,50304,0,50304,2,1,2,1,0
68351,1,1,1,0,5,1,1,1,6,6,"East",0,50820,0,0,0,2,0,2,0
68402,1,0,1,0,4,1,0,1,2,3,"South",7989,33937,3660,25382,2,2,2,2,1
68441,1,0,0,0,3,0,0,0,5,5,"West",68718,79231,49341,0,3,3,3,3,1
68689,0,1,0,0,5,0,0,0,5,9,"North",67119,22968,2794,0,3,1,3,1,0
68708,1,0,1,0,3,1,0,1,7,3,"North",26819,84785,1360,0,3,2,2,3,1
68789,1,0,0,1,0,1,0,0,2,4,"West",78861,86269,0,28581,3,3,5,3,1
68820,1,1,0,1,1,1,1,0,2,5,"East",85202,73547,38196,0,2,3,2,4,1
68961,1,0,1,0,4,1,0,1,7,8,"South",46498,101358,0,7872,1,4,2,5,1
69005,0,1,0,1,3,1,0,0,5,5,"East",26161,32415,3125,8867,2,3,2,3,0
69122,0,2,0,0,4,0,0,0,3,4,"East",33200,22154,5453,5803,3,3,4,3,1
69212,1,0,1,1,3,1,0,1,6,6,"South",14447,22364,0,0,1,1,1,1,0
69293,0,1,0,1,2,1,1,0,4,2,"South",64007,32702,8484,0,3,1,3,1,0
69354,1,0,0,1,4,1,0,0,1,6,"East",21932,149172,0,0,2,3,3,2,0
69528,0,2,0,1,1,1,0,0,4,4,"North",48895,12992,0,0,4,2,4,2,0
69678,1,1,1,1,2,0,1,0,9,6,"West",68758,22587,0,0,2,2,4,3,0
69702,0,1,0,0,1,0,1,0,3,8,"East",109232,23424,0,0,2,1,2,1,1
69850,1,0,0,0,5,0,0,0,7,4,"East",17050,22876,0,1810,2,2,4,2,1
69861,0,1,0,0,5,0,0,0,4,7,"North",103461,7020,27327,0,4,1,6,1,1
69890,1,0,1,1,1,0,0,0,1,5,"East",31768,49000,17990,20000,2,2,4,2,0
70117,1,1,1,0,5,1,1,1,8,6,"East",33859,73063,8698,30718,3,3,2,3,1
70160,1,1,1,0,1,1,1,1,3,7,"South",29337,108167,0,40997,2,3,2,3,1
70233,0,1,0,1,3,1,0,0,5,5,"West",0,26098,0,10951,0,2,0,3,0
70247,0,1,0,0,4,0,0,0,8,3,"South",19217,135602,0,36435,2,4,2,5,1
70334,0,1,0,0,4,0,0,0,2,6,"East",40760,13046,0,3255,2,2,3,2,1
70402,1,0,1,0,4,1,0,1,3,9,"West",20253,34006,7855,3437,3,3,3,3,0
70428,1,0,1,0,4,1,0,1,2,3,"North",130029,65876,0,0,3,3,3,3,1
70455,1,0,1,1,5,1,0,1,8,6,"West",7011,48272,0,0,1,1,1,1,0
70588,0,1,0,0,3,0,1,0,1,2,"East",91978,24420,31354,8159,3,2,4,3,0
70613,0,1,0,0,1,0,1,0,4,3,"West",8676,47538,0,0,2,2,2,2,0
70948,1,0,1,0,1,1,0,1,8,9,"North",61196,40295,5813,25424,3,3,3,5,1
70956,1,0,1,0,0,1,0,1,7,4,"West",25042,0,0,0,1,0,1,0,0
70983,0,0,1,0,2,0,0,0,1,6,"South",22935,7040,13551,7040,2,1,2,1,0
71049,1,1,1,1,5,1,1,1,6,8,"West",28005,93698,0,0,2,2,2,3,0
71060,0,1,0,0,1,0,1,0,4,4,"South",36158,93021,0,22935,3,3,3,3,0
71277,1,1,1,0,3,1,1,1,0,5,"East",30304,62773,18192,31000,2,2,2,2,0
71313,2,0,1,0,1,0,0,0,1,5,"South",0,87481,0,26373,0,4,0,5,1
71607,1,0,0,0,0,0,0,0,1,2,"West",3706,47418,0,0,2,1,2,1,0
71632,0,1,0,0,4,0,0,0,4,3,"East",74843,11033,0,0,2,1,2,1,1
71675,0,1,0,0,1,0,1,0,3,4,"North",15082,23782,0,9302,2,2,2,2,0
71684,1,1,1,0,3,1,1,1,6,2,"North",51844,111387,0,0,3,2,3,3,1
71754,1,1,1,0,1,1,1,1,7,4,"East",50713,124366,11868,40415,4,3,3,5,1
71989,1,0,1,1,3,1,0,1,5,2,"East",45776,17244,0,11292,2,3,3,4,1
72005,0,1,0,1,1,1,0,0,6,2,"East",99482,67688,0,38323,4,2,4,2,1
72128,1,1,1,1,1,1,1,1,1,8,"East",27546,104250,0,39790,1,4,2,4,1
72221,2,2,0,1,3,0,0,0,7,6,"South",100282,25143,0,19568,1,2,2,2,0
72311,0,1,0,0,2,0,1,0,2,7,"East",49266,107907,31535,9592,2,4,2,5,1
72449,0,1,0,0,0,0,1,0,4,4,"East",69833,38262,21172,0,4,4,3,4,1
72517,1,1,1,1,2,1,1,1,7,9,"East",62490,53592,5667,0,3,4,4,4,1
72537,0,1,0,0,3,0,1,0,8,5,"East",82331,56396,45506,23153,3,2,6,2,1
72567,1,1,1,0,3,1,1,1,4,7,"East",59351,40086,0,2787,2,3,2,3,1
72727,1,0,1,0,4,1,0,1,8,8,"West",136817,29264,0,0,3,1,4,1,0
72880,1,1,0,1,0,1,1,0,8,3,"East",71933,0,0,0,3,0,3,0,0
72889,1,0,1,0,1,1,0,1,3,4,"West",9449,2038,0,0,2,1,2,1,1
73062,2,1,0,1,1,1,1,0,6,9,"East",92669,169710,0,41759,3,4,4,4,1
73216,1,0,1,1,2,1,0,1,4,9,"West",122369,18303,44664,18303,3,1,5,2,0
73218,1,2,2,1,1,1,0,0,0,7,"East",56533,19658,45924,0,2,2,3,2,0
73245,0,1,1,0,2,0,0,0,5,3,"North",21251,81053,16581,0,2,2,2,3,1
73338,0,2,0,0,5,0,0,0,1,5,"East",59874,6655,49104,0,2,1,2,1,0
73441,1,0,1,0,5,1,0,1,3,2,"West",32093,73015,14191,27195,2,3,2,4,1
73584,2,1,3,1,4,1,1,0,2,5,"East",16239,82873,8541,51856,2,3,2,4,1
73709,1,0,1,0,3,1,0,1,6,4,"West",36552,21861,0,0,1,1,1,1,0
73761,1,0,0,1,4,1,0,0,10,6,"East",8159,88201,0,0,1,2,1,3,0
73763,0,1,0,0,5,0,0,0,5,8,"North",31775,10740,9657,0,4,1,3,2,0
73807,1,1,1,0,4,1,1,1,0,8,"North",39162,107619,30706,19883,2,3,2,3,0
73965,1,0,1,1,3,0,0,0,2,6,"South",83897,72532,19142,0,3,2,2,3,1
74079,0,0,1,1,4,1,0,0,9,3,"North",87164,109031,3374,0,4,2,4,4,0
74112,1,0,0,1,1,1,0,0,5,6,"East",92325,180543,47077,73584,2,4,3,5,1
74139,1,1,1,0,5,1,1,1,5,2,"West",50291,0,0,0,3,0,3,0,0
74254,0,1,0,0,2,0,1,0,2,6,"South",21892,81053,0,55057,1,3,1,4,1
74276,1,1,1,0,5,1,1,1,2,3,"South",41380,41519,0,0,1,1,1,1,1
74449,1,0,1,1,3,1,0,1,5,4,"South",35367,11708,0,0,2,1,2,2,1
74589,0,1,0,1,0,1,1,0,1,4,"West",70853,156919,12232,40007,2,4,1,4,1
74600,1,1,1,1,2,1,1,1,9,7,"East",102713,26514,0,0,3,2,3,3,1
74638,1,1,1,1,5,1,1,1,3,7,"South",64601,54328,15260,0,4,2,4,3,0
74644,1,1,1,0,2,1,1,1,0,6,"East",198243,79206,44896,7501,5,3,5,4,0
74662,0,1,0,0,3,0,1,0,5,5,"North",46577,71357,0,64440,2,2,3,3,0
74676,0,2,0,0,1,0,0,0,4,5,"South",96171,53676,41970,0,4,4,4,5,1
74763,1,0,1,0,1,1,0,1,2,5,"North",44750,25645,0,19162,1,3,1,3,1
74829,2,0,1,0,3,0,0,0,6,8,"East",5339,8396,0,0,1,1,1,1,1
74850,1,1,1,0,2,1,1,1,8,9,"North",18524,85597,11191,0,2,4,2,3,1
74957,1,1,1,1,2,1,1,1,8,5,"West",0,46325,0,0,0,1,0,1,0
75167,0,1,0,0,5,0,0,0,1,9,"North",463,129829,0,4560,1,4,1,4,1
75191,2,1,3,1,0,0,1,0,8,8,"North",70056,50565,14574,0,4,2,6,2,0
75444,1,0,0,0,5,0,0,0,2,6,"South",12906,102017,0,0,1,3,1,4,0
75505,1,0,1,1,4,1,0,1,10,8,"East",71725,51254,0,27000,3,3,3,3,1
75671,1,1,1,1,3,1,1,0,7,3,"West",62942,36900,0,0,2,2,3,2,1
75684,1,0,0,0,3,0,0,0,1,3,"East",2169,15724,2169,0,1,2,1,4,1
75685,1,0,0,0,0,0,0,0,2,5,"West",45335,58323,0,47834,2,2,1,2,1
75695,0,1,0,1,4,1,1,0,0,3,"East",149513,95563,13562,10411,4,3,6,4,1
75878,2,1,4,1,3,1,1,0,1,5,"East",64681,15968,0,0,2,1,2,1,1
76001,0,1,0,0,1,0,1,0,4,8,"East",40393,0,0,0,3,0,3,0,0
76145,1,0,1,1,1,1,0,1,8,4,"West",17597,151680,0,416,1,4,1,4,0
76213,1,1,1,0,1,1,1,1,4,8,"West",108374,82341,24979,38037,3,3,5,2,1
76262,3,2,0,1,4,1,0,0,3,6,"South",19127,47569,3512,22000,2,2,3,2,0
76395,1,1,0,1,5,1,1,0,8,6,"East",63553,39610,0,0,2,2,3,3,0
76428,1,1,0,0,4,1,1,0,3,8,"North",6409,19186,0,19186,2,1,1,1,0
76578,2,0,0,1,1,1,0,0,10,8,"North",49763,54525,0,0,1,2,4,2,1
76726,0,1,0,0,1,0,0,0,6,8,"East",0,21892,0,21892,0,1,0,1,0
76753,1,0,1,1,4,1,0,1,8,4,"West",48691,88814,0,5975,1,3,2,3,1
76840,0,1,0,0,3,0,1,0,4,3,"West",34293,74412,0,0,3,2,4,2,1
76842,2,0,0,0,3,0,0,0,8,3,"North",46198,0,30237,0,2,0,1,0,0
76935,0,1,0,0,4,0,0,0,2,3,"West",3416,21428,0,21428,1,1,1,2,0
77036,1,0,0,1,4,1,0,0,1,3,"South",22666,87435,0,0,2,3,2,4,1
77050,1,0,1,0,5,1,0,1,3,2,"South",60382,54383,4805,0,2,3,3,2,0
77082,0,1,0,0,1,0,0,0,2,8,"North",144818,7202,0,0,3,2,4,2,0
77189,0,1,0,0,2,0,0,0,6,4,"West",57622,25831,0,0,3,2,4,3,1
77317,1,1,1,0,0,1,1,1,7,5,"South",28459,28460,508,6440,2,3,2,3,0
77399,1,0,0,0,2,0,0,0,2,4,"South",1487,91960,0,0,1,2,1,3,1
77592,0,0,1,1,4,1,0,0,6,8,"South",46476,44099,28784,26651,2,2,2,1,0
77649,1,1,1,0,5,1,1,1,1,3,"East",47878,103186,0,0,1,1,2,3,1
77658,1,1,1,1,5,1,1,1,5,7,"West",46721,46879,46721,21370,1,2,1,2,1
77780,0,1,0,0,2,0,0,0,8,4,"North",3865,27410,0,0,1,2,2,3,0
77791,1,1,1,0,3,1,1,1,3,2,"West",109495,30066,31724,20213,3,2,3,2,0
77930,1,0,1,0,2,1,0,1,2,5,"North",0,51424,0,0,0,2,0,3,0
77993,1,0,1,0,4,1,0,1,4,4,"West",136498,19646,3343,0,4,1,5,1,0
78102,0,1,0,0,3,0,0,0,5,2,"East",48338,23209,0,1315,3,2,3,2,0
78140,1,2,0,1,0,1,1,0,6,5,"East",84146,119403,26394,0,3,3,3,3,0
78276,1,1,1,0,4,1,1,1,1,6,"North",6010,67918,0,32767,1,3,1,4,1
78309,1,0,1,1,5,1,0,1,4,5,"East",153926,87568,0,0,4,2,3,2,1
78320,1,1,1,0,4,1,1,1,6,5,"North",68087,23000,0,23000,3,1,3,1,0
78366,1,1,0,1,1,1,1,0,8,8,"East",39416,7071,34579,0,2,1,3,1,0
78374,1,4,1,1,2,1,0,1,5,5,"North",105887,46467,72370,0,3,2,3,2,1
78671,0,2,0,0,2,0,0,0,4,5,"East",43126,32713,0,0,2,2,2,3,0
78693,0,1,0,0,3,0,1,0,3,3,"South",5613,10339,0,0,1,1,1,2,0
78840,0,1,0,0,1,0,1,0,2,7,"East",100705,50023,37512,0,3,3,3,3,0
78884,3,0,3,1,2,1,0,0,6,6,"West",5113,9524,0,0,1,1,1,1,1
78892,1,0,2,1,3,1,0,1,10,7,"West",49510,98341,1463,24257,2,3,2,3,0
79001,0,1,0,0,3,0,1,0,3,4,"West",34923,105566,0,22354,4,4,4,5,1
79026,1,0,1,1,1,1,0,1,3,6,"West",106843,5916,32412,0,4,1,5,1,0
79031,1,1,1,1,2,1,1,1,8,5,"South",13148,60373,13148,30584,1,4,1,4,1
79385,0,1,0,0,1,0,1,0,2,4,"East",70703,2622,0,0,2,1,2,1,1
79486,1,1,1,1,1,1,1,1,1,5,"East",93145,36535,0,0,3,2,3,2,1
79489,1,0,1,0,1,1,0,1,8,5,"East",0,30302,0,0,0,2,0,2,0
79685,1,1,1,0,2,1,1,1,3,3,"South",47225,53757,0,6639,1,4,1,4,1
79775,1,1,1,1,2,1,1,1,2,8,"South",13792,56027,0,0,2,2,2,2,1
80034,0,1,0,1,1,0,0,0,10,6,"West",20471,127264,0,85168,2,2,2,3,0
80064,1,1,1,1,2,1,1,1,6,4,"East",54818,35155,41523,0,3,2,4,2,0
80192,1,0,1,1,4,1,0,1,0,7,"South",49666,33501,0,0,2,1,3,1,0
80206,1,0,1,1,1,0,0,0,8,4,"West",33573,106232,33573,53792,1,2,2,3,1
80391,1,0,0,1,1,0,0,0,5,8,"West",25512,0,0,0,1,0,2,0,0
80427,1,1,1,1,2,0,1,0,5,7,"West",7699,87248,1837,0,2,2,2,3,1
80443,0,1,0,1,0,1,1,0,6,5,"West",85610,107556,0,0,3,3,3,5,1
80601,1,1,1,0,3,1,1,1,4,7,"North",60826,3708,0,0,2,1,3,1,0
80625,1,0,1,0,5,1,0,1,6,4,"East",64078,21106,0,0,2,2,3,3,0
80748,1,0,1,0,2,1,0,1,7,4,"West",45639,61488,17196,0,3,3,4,4,1
80784,1,1,1,0,2,1,1,1,3,6,"South",33773,38842,19966,38842,3,1,4,1,0
80808,3,1,3,1,2,0,1,0,1,7,"West",20748,24132,0,0,2,2,2,3,0
81015,1,1,1,0,4,1,1,1,2,2,"South",75598,52551,11523,27159,4,2,5,2,0
81023,1,1,1,1,3,1,1,1,4,9,"North",40090,67171,0,0,2,2,2,3,1
81121,2,0,0,0,4,0,0,0,6,6,"North",6390,85009,0,85009,1,1,1,2,0
81255,1,0,1,1,2,1,0,1,7,8,"West",87222,20104,71374,20104,2,1,3,1,0
81473,1,1,1,0,4,1,1,1,6,8,"North",17920,44707,879,0,3,2,3,2,1
81533,1,0,1,0,0,1,0,1,6,7,"South",67324,24727,16411,8786,2,3,3,3,1
81648,0,1,0,0,2,0,0,0,3,8,"North",191411,39249,56296,0,4,1,5,2,0
81655,1,0,1,0,2,1,0,1,0,9,"North",48923,53912,26256,30732,3,2,4,3,0
81775,0,1,0,0,3,0,1,0,1,3,"South",72410,55609,0,0,2,2,2,2,0
81800,1,0,1,0,5,1,0,1,1,3,"North",1176,40214,0,0,1,2,1,2,1
81827,1,1,1,0,2,1,1,1,2,4,"West",99055,54419,4379,52458,5,3,6,3,0
81830,1,1,1,0,3,1,1,1,4,3,"West",26590,105303,0,55837,1,4,1,6,1
81871,1,0,1,1,4,1,0,1,9,5,"North",31264,150983,2270,81450,2,4,2,6,1
81950,0,1,0,1,5,1,1,0,0,7,"North",54691,57570,33327,26127,3,2,2,2,0
81974,1,1,1,0,2,1,1,1,0,6,"West",39092,70582,0,0,1,2,1,2,1
82121,1,1,1,1,1,0,1,0,10,5,"South",13675,53000,0,24000,2,2,2,2,0
82173,1,0,1,0,1,1,0,1,1,3,"South",37032,0,11365,0,2,0,3,0,0
82200,1,1,1,0,3,1,1,1,0,3,"East",0,12795,0,8799,0,2,0,2,0
82383,1,0,1,1,2,1,0,1,9,7,"East",87135,45782,35341,22500,2,2,2,2,1
82394,1,1,1,0,4,1,1,1,6,3,"North",1191,95940,0,48570,1,3,1,2,1
82399,0,1,0,0,4,0,0,0,8,8,"North",5524,6671,0,0,1,1,1,1,1
82506,1,1,1,0,2,1,1,1,6,2,"West",5688,75928,0,10520,1,3,1,3,0
82517,0,1,0,0,3,0,0,0,3,3,"East",62810,4345,4568,4345,3,1,3,1,1
82530,0,1,0,0,1,0,0,0,3,6,"South",40442,44016,0,3181,1,2,2,2,1
82539,1,0,1,0,3,1,0,1,3,5,"South",15864,139850,15864,19288,1,4,2,7,1
82568,1,1,1,0,4,1,1,1,6,4,"West",26610,25816,0,0,2,2,2,2,1
82713,2,2,2,1,1,0,1,0,7,5,"East",68422,78759,0,0,3,2,4,5,1
82740,1,1,1,1,3,1,1,1,4,6,"North",103090,280868,0,25625,2,4,4,7,1
82816,1,1,1,0,4,1,1,1,3,5,"West",50995,120707,5921,97980,3,2,4,3,1
82887,1,2,0,1,5,0,0,0,5,6,"South",76873,149027,0,20391,2,3,3,4,1
82901,1,0,1,1,0,0,0,0,5,6,"East",35345,55318,0,29188,2,2,2,2,1
82934,1,0,0,1,1,0,0,0,10,2,"West",31385,0,0,0,2,0,2,0,0
82945,1,1,1,0,2,1,1,1,2,2,"North",131268,75718,10339,0,3,3,5,3,1
83026,1,0,1,1,3,1,0,1,3,3,"South",79789,15011,0,0,3,2,3,2,0
83037,1,1,1,0,0,1,1,1,1,4,"West",99618,100914,42775,0,2,3,2,4,1
83062,0,1,0,0,0,0,1,0,3,9,"East",18197,34323,0,0,1,2,1,2,1
83291,1,0,1,0,1,1,0,1,5,4,"South",29768,0,0,0,1,0,1,0,0
83394,1,0,1,1,5,1,0,1,5,2,"South",57445,86244,0,0,2,3,2,4,1
83533,1,0,0,0,4,0,0,0,7,5,"East",76494,16854,9586,0,3,1,5,2,0
83817,1,0,1,1,1,1,0,1,6,5,"South",131515,60885,19199,0,3,3,4,4,1
83890,1,0,0,0,1,0,0,0,2,4,"West",0,55582,0,28543,0,3,0,3,1
84122,2,2,2,1,3,1,1,1,3,3,"East",4041,65161,0,0,1,3,1,3,0
84334,1,0,1,1,0,1,0,1,9,6,"South",6754,41604,0,0,1,2,1,3,0
84466,1,1,1,0,2,1,1,1,7,4,"West",20976,16380,19575,0,2,1,3,1,0
84471,1,0,0,0,5,0,0,0,7,6,"West",31173,96405,0,0,2,3,2,5,1
84479,1,0,1,1,4,1,0,1,9,3,"South",121172,53387,53284,12519,3,2,7,2,1
84498,0,1,0,0,3,0,1,0,3,2,"West",72284,26631,15537,0,4,1,4,1,0
84574,0,1,0,0,2,0,0,0,4,5,"East",87194,110094,0,73533,3,3,3,6,1
84582,1,0,1,0,0,1,0,1,4,8,"West",101045,9027,79784,0,2,1,4,1,0
84596,0,1,0,1,0,0,1,0,7,4,"South",42096,41055,0,0,2,1,2,2,1
84665,0,1,0,0,3,0,1,0,3,2,"East",12528,26978,0,20827,2,2,2,3,0
84858,2,1,3,1,2,0,1,0,9,5,"North",48976,135621,11131,15780,2,4,3,3,0
84866,0,1,0,0,5,0,1,0,7,6,"East",55327,835,0,0,1,1,2,1,1
84931,0,1,0,0,5,0,1,0,7,8,"East",188397,16531,0,0,4,2,5,3,1
85032,1,0,1,0,3,1,0,1,1,4,"North",89472,14970,13363,14970,3,1,3,2,0
85046,1,1,2,1,2,0,1,0,5,6,"North",111015,19737,87879,0,2,2,4,2,0
85163,1,1,1,1,4,1,1,1,3,2,"West",83041,47920,47700,0,2,4,2,4,1
85198,1,0,1,0,0,1,0,1,0,9,"South",11881,63825,0,63825,1,1,1,2,0
85277,0,1,0,0,2,0,1,0,7,8,"North",14568,16117,0,16117,1,1,1,1,0
85345,0,1,0,1,1,1,0,0,1,4,"East",9210,33520,0,0,1,1,1,1,1
85474,0,2,0,0,3,0,0,0,4,2,"North",12613,21783,12613,21783,1,1,1,2,1
85487,1,1,1,1,1,0,1,0,8,4,"South",72275,23906,30054,0,4,1,4,1,0
85626,0,1,2,1,3,1,1,0,1,5,"North",20512,0,0,0,4,0,3,0,0
85710,0,1,0,1,3,1,1,0,10,6,"North",29611,11693,17046,0,2,1,2,1,0
85836,0,1,0,1,0,1,1,0,6,9,"East",39842,50189,39842,9641,1,3,1,3,1
85866,1,1,1,1,4,0,1,0,9,5,"West",28880,128729,11718,0,3,2,3,4,1
85890,1,0,1,1,5,1,0,1,2,2,"South",62677,117776,1394,0,4,2,4,3,1
86065,1,0,1,0,4,1,0,1,1,8,"North",84015,87201,0,55236,1,3,2,4,1
86073,1,1,1,1,0,1,1,1,2,2,"South",15844,41184,0,0,1,3,1,2,1
86275,1,0,1,1,1,1,0,1,8,7,"West",22383,55179,0,4252,1,2,1,3,1
86408,0,1,0,0,3,0,1,0,6,3,"North",39650,0,0,0,3,0,3,0,0
86430,1,1,1,0,3,1,1,1,7,2,"North",23902,25806,0,0,2,3,2,6,1
86526,1,0,0,0,1,0,0,0,3,8,"North",83695,11575,33032,0,3,1,4,1,0
86583,0,1,0,0,1,0,1,0,0,6,"East",82634,19414,0,0,2,2,3,2,1
86624,2,0,0,0,4,0,0,0,8,6,"South",50364,99381,0,0,1,2,2,3,1
86743,1,0,1,0,3,1,0,1,0,5,"West",32879,141770,21552,0,2,2,3,4,1
86790,1,0,1,0,1,1,0,1,2,2,"East",75982,102341,52398,6625,2,4,2,5,1
86874,0,1,0,1,1,1,1,0,9,7,"West",136378,46224,47292,0,5,2,6,1,0
86948,1,0,1,1,4,1,0,1,8,5,"West",29735,0,0,0,2,0,1,0,0
87106,0,1,0,0,3,0,1,0,6,8,"North",14314,87283,6028,9366,3,4,3,3,1
87245,1,0,0,0,0,0,0,0,3,4,"North",87514,0,11817,0,4,0,4,0,0
87341,2,3,0,1,2,0,0,0,3,9,"South",55526,50676,45508,43035,3,2,3,3,1
87384,1,1,1,0,3,1,1,1,1,3,"East",19513,173378,0,38964,2,5,2,4,1
87439,1,1,1,1,2,1,1,1,9,9,"South",30755,10895,0,0,1,1,1,1,0
87468,0,1,0,0,2,0,1,0,3,5,"East",66082,26091,0,0,2,2,1,3,1
87577,0,1,0,0,2,0,1,0,3,2,"West",1590,56465,1590,0,1,2,1,2,1
87637,1,0,1,0,4,1,0,1,2,2,"West",171635,65756,0,18880,3,2,3,3,0
87695,0,1,0,0,3,0,1,0,8,3,"North",17061,0,0,0,1,0,1,0,0
87788,1,0,1,0,1,1,0,1,3,8,"East",36207,67050,0,0,2,2,2,3,1
87823,1,2,0,1,2,0,0,0,3,3,"West",19436,79383,0,42578,2,3,2,2,0
87924,1,1,1,0,4,1,1,1,1,5,"North",63148,88391,54209,45826,2,2,2,2,0
87975,0,1,0,0,1,0,1,0,5,5,"East",99213,49746,10656,0,5,2,4,3,0
88014,1,0,1,0,3,1,0,1,7,4,"South",0,16510,0,10056,0,2,0,2,1
88016,0,1,0,0,3,0,1,0,4,3,"North",46368,48269,14250,42850,3,2,3,2,0
88019,1,0,0,0,3,1,0,0,8,7,"East",60880,81786,51626,0,2,2,2,2,0
88123,1,0,1,1,2,1,0,1,2,4,"West",0,40799,0,0,0,3,0,3,0
88169,1,0,0,1,3,0,0,0,1,6,"East",35682,41065,0,0,3,2,3,3,1
88188,2,1,0,0,0,0,0,0,0,9,"West",91300,10257,35443,0,2,1,3,1,1
88471,1,1,1,1,4,0,1,0,1,4,"West",79746,24589,23778,12000,4,5,6,3,1
88515,1,1,1,0,2,1,1,1,3,7,"East",47874,50304,0,0,2,2,2,2,0
88526,1,1,1,0,3,1,1,1,2,5,"North",55171,44088,49439,37730,2,2,2,2,1
88629,1,1,1,0,1,1,1,1,1,6,"West",59281,47556,0,0,2,2,2,3,1
88632,1,1,1,1,2,0,1,0,2,4,"North",49018,26052,27172,26052,2,1,2,1,0
88804,1,0,1,0,3,1,0,1,5,3,"West",13293,55001,0,0,1,2,1,2,1
88840,1,0,1,1,2,1,0,1,0,5,"East",14547,118594,0,62064,2,2,2,2,1
89063,1,1,1,1,1,1,1,1,3,9,"East",37271,23399,0,0,3,3,3,2,0
89175,1,0,1,0,4,1,0,1,8,6,"West",65158,0,0,0,2,0,2,0,0
89210,1,0,1,0,4,1,0,1,2,6,"North",108284,81121,6550,0,4,2,4,2,0
89226,0,1,0,0,4,0,0,0,6,8,"North",30980,185988,0,24102,2,4,2,5,1
89232,0,1,0,0,4,1,0,0,8,9,"West",607,1964,0,0,1,1,1,1,1
89235,1,0,1,1,4,1,0,1,5,7,"West",20714,11835,0,0,1,2,1,3,0
89401,1,0,0,0,1,0,0,0,2,3,"East",45395,31137,17962,0,2,2,2,1,0
89624,2,0,0,1,4,0,0,0,2,6,"South",48996,33101,0,0,2,4,3,5,1
89728,1,1,1,0,3,1,1,1,7,6,"South",74348,52987,47613,0,4,2,4,2,0
89777,1,1,1,0,1,1,1,1,5,8,"South",53464,11637,15099,3494,4,2,4,2,0
89785,0,1,0,0,1,1,1,0,7,5,"West",88527,11736,74283,0,2,1,2,1,1
89880,1,1,1,1,2,1,1,1,8,6,"West",103597,58682,5863,29848,4,2,5,3,0
89894,1,1,1,1,4,0,1,0,7,2,"East",221642,25065,67852,0,4,1,4,1,0
90027,1,1,1,1,1,0,1,0,7,5,"North",34634,4798,3319,4798,4,1,2,1,1
90038,1,1,1,0,3,1,1,1,4,5,"East",40154,161624,0,0,3,4,4,5,1
90085,1,1,1,1,1,1,1,1,6,8,"West",43451,25714,17529,0,3,2,3,2,0
90317,0,0,1,0,0,1,0,0,1,8,"West",0,12384,0,9087,0,2,0,3,1
90499,1,1,1,1,2,1,1,1,3,8,"West",59741,47043,38123,20000,3,4,4,2,1
90595,1,0,1,0,5,1,0,1,3,4,"South",150100,11541,63660,0,4,2,4,5,0
90633,1,1,1,0,3,1,1,1,2,5,"East",71287,26034,0,0,2,1,2,3,1
90821,0,1,0,0,5,0,1,0,8,6,"North",60392,33470,0,0,2,2,2,2,0
90856,0,1,0,0,4,0,1,0,5,3,"East",16205,24773,2947,0,2,1,2,1,0
91093,0,1,0,1,2,1,1,0,1,4,"East",93057,149756,0,46021,2,3,4,5,1
91104,1,0,1,1,3,1,0,1,8,7,"East",136188,102546,28595,25283,5,3,5,3,1
91254,0,1,0,0,0,0,1,0,2,5,"East",35863,28918,0,0,1,1,1,1,0
91333,1,1,1,1,4,1,1,1,5,4,"West",143491,43800,29652,3878,4,2,5,2,0
91464,1,0,1,0,5,1,0,1,2,4,"East",82368,94463,0,10386,4,4,4,5,1
91475,0,1,0,1,5,0,1,0,1,2,"North",144474,36098,25606,36098,3,1,4,1,0
91486,1,1,1,0,2,1,1,1,2,5,"South",115811,23701,3963,15712,3,2,4,3,1
91532,1,0,1,1,3,1,0,1,3,6,"South",112549,56510,42209,15816,3,2,3,3,0
91543,0,1,0,0,4,0,1,0,1,5,"North",0,1730,0,0,0,1,0,1,0
91611,1,0,2,1,2,0,0,0,6,8,"East",62651,5131,0,0,1,1,2,1,0
91668,0,1,0,0,3,0,1,0,2,4,"North",628,9315,0,9315,1,1,1,1,1
92170,1,0,1,0,3,1,0,1,6,8,"South",5205,100461,0,7878,2,3,2,4,1
92254,2,2,2,1,5,0,0,0,6,2,"East",57979,5334,5653,0,2,1,4,1,0
92328,1,0,1,1,3,0,0,0,2,6,"East",120998,6202,90219,2236,3,2,4,3,1
92355,0,1,0,1,3,1,0,0,10,8,"North",60184,23359,0,0,2,1,4,1,0
92363,1,1,1,0,3,1,1,1,3,3,"West",126793,115934,0,0,3,3,3,4,1
92388,1,1,1,0,0,1,1,1,2,4,"East",73240,44910,23612,0,3,1,3,1,0
92546,0,1,0,0,1,0,1,0,6,2,"East",0,154620,0,13210,0,3,0,6,1
92560,1,0,0,0,4,0,0,0,3,5,"South",137517,41498,0,8818,3,2,3,2,1
92611,1,0,0,0,2,0,0,0,5,3,"North",15819,204318,0,33944,2,5,2,7,1
92663,0,1,0,0,2,0,1,0,7,6,"South",68471,65948,0,0,3,2,4,2,1
92725,1,0,1,0,5,1,0,1,4,3,"South",48989,97699,0,0,2,3,2,3,1
92922,1,0,1,0,0,1,0,1,6,2,"North",11678,72276,0,0,1,2,1,3,0
93012,1,1,1,0,0,1,1,1,3,6,"North",58772,13788,21601,0,3,2,4,2,0
93020,1,1,1,1,2,0,1,0,4,7,"West",99761,57864,0,0,3,1,3,3,1
93034,0,1,0,0,2,0,1,0,7,7,"East",65634,0,48634,0,2,0,3,0,0
93091,1,1,1,1,0,0,1,0,2,7,"North",76083,50911,0,8307,3,3,5,3,1
93094,0,1,0,0,2,0,1,0,6,6,"East",60162,197060,22702,25801,2,3,3,5,0
93219,1,1,1,1,4,1,1,1,6,7,"South",117554,97991,31842,0,5,3,4,4,1
93257,1,1,1,1,0,1,1,1,8,4,"East",22414,27832,0,0,2,1,3,1,1
93301,1,0,3,1,4,0,0,0,4,4,"West",5213,47802,4913,0,2,2,2,1,0
93303,0,1,0,0,4,0,1,0,5,8,"East",85735,128834,2954,73974,4,2,4,3,0
93369,1,1,1,0,3,1,1,1,8,8,"South",23251,63652,16285,0,3,2,3,2,1
93380,1,0,1,1,4,1,0,1,4,5,"North",14688,52219,0,47916,1,3,1,4,0
93612,1,0,1,0,0,1,0,1,3,3,"South",5509,11317,5509,7000,1,4,1,4,1
93715,0,1,0,0,3,0,1,0,5,2,"North",8612,16805,0,0,1,1,1,1,0
93840,1,2,1,1,2,1,0,1,10,9,"North",26815,67841,0,50648,1,2,1,2,0
93889,0,1,0,0,3,0,1,0,5,4,"South",316,79322,0,30622,1,4,1,5,1
93911,1,0,1,1,2,1,0,1,8,3,"East",59494,33847,0,33847,3,1,3,3,0
93961,1,0,1,0,1,1,0,1,1,5,"North",44040,86529,0,729,2,3,2,3,1
93982,1,1,1,0,2,1,1,1,5,8,"East",13932,53243,0,3511,2,3,2,5,1
94072,1,0,0,0,2,0,0,0,5,5,"East",6897,142510,0,0,2,3,2,3,1
94085,1,0,1,0,4,1,0,1,4,2,"South",49198,2240,49198,0,1,1,1,1,0
94148,1,1,1,0,0,1,1,1,3,5,"South",90720,0,0,0,3,0,3,0,0
94696,1,0,1,1,3,1,0,1,5,5,"South",175058,37241,24128,2139,4,4,5,3,0
94712,1,1,1,1,2,0,1,0,1,4,"South",48140,41955,0,0,2,2,3,2,0
94824,0,1,0,0,2,0,1,0,6,8,"East",10339,0,0,0,1,0,1,0,0
94963,0,1,0,0,4,0,1,0,0,8,"West",37313,39455,0,0,1,2,1,2,0
94999,0,1,0,0,3,0,1,0,6,8,"South",67377,40090,0,11787,3,3,4,2,1
95032,1,1,1,0,3,1,1,1,6,4,"West",18445,47445,0,0,2,1,2,2,0
95061,1,0,1,0,4,1,0,1,1,6,"West",44713,0,26858,0,4,0,3,0,0
95214,1,0,1,0,3,1,0,1,7,7,"West",13291,70115,0,23619,1,3,2,2,1
95227,1,0,1,0,4,1,0,1,1,5,"South",37366,133841,0,44251,3,2,4,4,1
95370,0,1,0,0,2,0,1,0,1,3,"East",86296,36031,52857,14817,3,2,3,2,1
95494,1,1,1,0,3,1,1,1,7,7,"South",38521,11351,18099,981,3,3,4,4,1
95541,1,1,1,0,4,1,1,1,4,3,"East",20222,68623,0,0,1,3,1,5,1
95718,1,1,0,1,1,0,1,0,5,3,"East",34112,45294,15403,0,2,2,2,2,0
96015,1,1,1,0,0,1,1,1,0,8,"West",68351,143980,0,47345,2,3,2,5,0
96026,0,1,0,1,1,1,1,0,6,2,"North",40409,81857,14652,0,2,4,2,5,1
96061,0,1,0,0,2,0,1,0,4,2,"South",4337,46231,0,0,2,1,2,1,0
96062,1,0,1,1,3,0,0,0,1,3,"North",13882,55610,0,0,1,2,1,4,1
96249,1,0,1,1,5,1,0,1,1,5,"East",60364,21771,10792,0,4,1,4,1,0
96260,0,1,0,0,2,0,1,0,7,2,"East",59776,63049,0,29531,4,2,4,2,1
96279,1,0,1,0,4,1,0,1,7,5,"North",20945,58274,0,0,1,1,1,2,1
96361,1,0,1,0,4,1,0,1,7,7,"South",114196,36182,13596,26035,4,2,4,2,0
96593,1,1,1,0,3,1,1,1,5,2,"South",8955,8509,4796,0,2,1,2,1,0
96606,1,0,0,0,1,0,0,0,5,5,"North",124605,38140,0,35991,2,2,4,2,0
96721,1,1,1,0,2,1,1,1,7,4,"North",156705,55314,33377,0,4,3,5,3,1
96735,1,1,1,0,1,1,1,1,4,9,"West",2936,45688,0,0,1,1,1,1,0
96963,1,0,1,0,5,1,0,1,2,9,"East",116791,50388,0,20973,1,3,2,4,1
97007,1,1,0,0,4,0,1,0,4,7,"South",2180,25659,2180,17425,1,2,1,3,0
97070,1,1,1,1,3,1,1,1,9,5,"West",222754,92662,186081,0,3,2,5,3,1
97081,0,1,0,0,4,0,1,0,1,7,"East",5779,19371,0,0,2,3,2,2,0
97116,1,0,1,0,3,1,0,1,5,6,"East",43079,39877,2075,0,4,2,4,2,0
97241,1,1,1,0,4,1,1,1,1,6,"East",64796,50692,0,1657,2,3,2,3,0
97266,1,0,1,0,1,1,0,1,0,2,"South",64956,167021,0,0,1,4,1,5,1
97277,0,1,0,0,3,0,0,0,6,7,"South",11713,25155,0,25155,1,1,1,1,0
97285,0,1,0,1,4,0,0,0,6,3,"East",27464,32526,8337,9201,2,3,2,3,1
97288,0,1,0,0,3,0,1,0,0,3,"West",17581,6830,17581,0,1,1,1,2,1
97329,0,1,0,0,2,0,1,0,1,7,"East",0,46727,0,46727,0,1,0,1,1
97353,2,1,0,1,0,0,1,0,2,5,"North",0,275896,0,138500,0,4,0,5,1
97424,1,2,0,1,2,0,0,0,1,8,"West",44197,58638,0,0,2,2,3,3,1
97451,1,0,1,1,4,1,0,1,1,2,"West",38155,72343,1224,0,3,1,4,2,1
97475,2,1,2,1,4,0,1,0,3,3,"West",66014,106898,0,0,3,3,2,3,1
97626,0,1,0,1,2,1,0,0,7,3,"East",0,33554,0,16658,0,2,0,2,1
97691,0,1,0,0,0,0,1,0,2,2,"West",243,50191,0,3802,1,3,1,4,1
97699,1,1,2,1,3,0,1,0,0,3,"South",37753,15358,33986,0,3,2,4,2,1
98130,1,1,1,1,4,1,1,1,7,2,"East",0,53261,0,0,0,1,0,1,0
98166,0,1,0,1,1,1,1,0,3,6,"South",65391,37008,0,0,2,1,2,1,0
98214,2,0,2,1,0,0,0,0,4,7,"South",104786,119539,0,0,2,3,4,5,1
98223,1,1,1,0,3,1,1,1,4,3,"North",45317,0,0,0,1,0,1,0,0
98337,1,1,1,1,2,1,1,1,9,8,"East",103491,151509,75950,16702,3,4,4,5,1
98362,1,1,1,1,2,1,1,1,10,4,"West",29094,64291,0,0,2,2,2,3,0
98476,1,0,1,1,2,0,0,0,9,7,"South",3786,10864,0,10864,1,1,1,1,1
98523,1,1,1,0,4,1,1,1,2,4,"East",45333,70709,45333,11541,1,4,2,4,0
98593,1,2,1,1,0,1,0,0,9,6,"East",41519,22280,41355,0,2,1,2,1,0
98729,2,0,5,1,4,0,0,0,10,7,"West",65031,45026,16229,0,4,2,4,3,0
98904,1,0,1,0,1,1,0,1,6,5,"East",55508,108451,0,15613,2,4,3,3,1
99007,1,0,1,0,1,1,0,1,4,2,"South",87814,102945,11033,15786,3,4,2,5,1
99032,0,0,2,1,4,1,0,0,6,3,"West",88505,41577,46525,12503,2,3,3,4,0
99057,1,1,0,1,5,0,1,0,0,3,"West",15576,0,3676,0,3,0,3,0,0
99078,1,0,1,0,3,1,0,1,5,3,"East",88733,78052,0,0,2,2,2,1,0
99086,0,1,0,0,5,0,1,0,6,7,"West",48936,12327,0,0,4,1,4,1,0
99233,0,2,2,1,1,0,0,0,4,5,"West",156895,81968,124575,0,2,3,4,2,0
99258,1,0,1,1,0,1,0,1,9,6,"East",30637,44600,20099,0,3,2,4,2,0
99261,1,1,1,0,5,1,1,1,6,3,"East",101466,0,4456,0,4,0,3,0,0
99367,0,1,0,1,1,0,0,0,0,3,"East",116416,56700,0,56700,4,1,4,1,1
99370,0,1,0,1,2,1,0,0,2,3,"North",80418,144464,0,35151,3,4,2,6,1
99596,1,1,1,1,4,1,1,1,7,8,"East",27438,41065,13989,20000,3,3,3,3,1
99702,1,0,1,1,2,1,0,1,2,7,"West",41838,77856,41838,0,1,1,1,3,0
99727,1,0,1,1,0,1,0,1,5,4,"West",70811,40733,0,14563,3,2,4,3,1
99763,0,1,0,0,1,0,1,0,3,2,"East",9975,104509,777,9225,2,4,2,5,1
99765,1,1,1,1,5,1,1,1,5,8,"South",122255,41777,0,4994,4,3,5,3,0
99912,1,1,1,0,1,1,1,1,8,2,"West",57923,90240,0,48075,2,3,3,4,1
99921,0,1,0,1,4,1,1,0,2,7,"North",24336,0,12197,0,2,0,2,0,0
99923,1,1,1,0,2,1,1,1,8,7,"East",107540,26770,0,0,3,1,3,1,0
99972,0,1,0,0,1,0,1,0,2,3,"South",41591,90946,8014,0,2,4,2,6,1
99994,1,2,1,1,1,1,0,1,4,2,"East",128934,77283,14115,37500,4,2,6,2,0
99997,1,0,1,1,5,1,0,1,2,8,"North",61337,98617,21183,0,4,2,5,4,1
